bot,turn,action_index,response_time_ms,request_size_bytes,command,balance,debt,net_worth,factory_count
Бот 1,1,1,23213,11233,takeLoan(1000.0),-350.00,0.00,-350.00,1
Бот 1,1,2,23213,11233,buildFactory(scrap-yard),-350.00,0.00,-350.00,1
Бот 2,1,1,29084,11244,takeLoan(2000.0),-850.00,0.00,-850.00,2
Бот 2,1,2,29084,11244,buildFactory(scrap-yard),-850.00,0.00,-850.00,2
Бот 2,1,3,29084,11244,buildFactory(iron-mine),-850.00,0.00,-850.00,2
Бот 3,1,1,32268,11233,takeLoan(1500.00),-830.00,0.00,-830.00,2
Бот 3,1,2,32268,11233,buildFactory(scrap-yard),-830.00,0.00,-830.00,2
Бот 3,1,3,32268,11233,buildFactory(coal-mine),-830.00,0.00,-830.00,2
Бот 1,2,1,20141,11580,"setWorkerCount(01M05YVSP8KE07TXCB6ZCHMPGS, 3)",644.00,1000.00,-356.00,1
Бот 2,2,1,29593,11810,"setWorkerCount(01M05YWP3JB3WZ588PSZ1FG7Y5, 5)",1134.00,2000.00,-866.00,2
Бот 2,2,2,29593,11810,"setWorkerCount(01M05YWP3KXQCZMTM7069M4JMP, 5)",1134.00,2000.00,-866.00,2
Бот 3,2,1,44198,11809,"setWorkerCount(01M05YXNM0D3HW62P9TKK8RV6V, 5)",154.00,1500.00,-1346.00,3
Бот 3,2,2,44198,11809,"setWorkerCount(01M05YXNM075A9T5XZVXM028EH, 5)",154.00,1500.00,-1346.00,3
Бот 3,2,3,44198,11809,buildFactory(iron-mine),154.00,1500.00,-1346.00,3
Бот 3,2,4,44198,11809,takeLoan(500.00),154.00,1500.00,-1346.00,3
Бот 1,3,1,15199,11728,"sellToSystem(scrap-metal, 1170)",436.60,995.00,-558.40,1
Бот 2,3,1,36187,12122,"sellToSystem(iron-ore, 2000)",-768.40,1990.00,-2758.40,3
Бот 2,3,2,36187,12122,"sellToSystem(scrap-metal, 1000)",-768.40,1990.00,-2758.40,3
Бот 2,3,3,36187,12122,"buildFactory(mini-mill, recipe=wire-rod-from-scrap)",-768.40,1990.00,-2758.40,3
Бот 3,3,1,30511,12415,"setWorkerCount(01M05Z0HC7QSZPX68YVDCGPDCZ, 5)",-900.00,2096.15,-2996.15,4
Бот 3,3,2,30511,12415,buildFactory(coking-plant),-900.00,2096.15,-2996.15,4
Бот 3,3,3,30511,12415,takeLoan(1000.0),-900.00,2096.15,-2996.15,4
Бот 1,4,1,15289,11818,buildFactory(mini-mill),148.28,990.03,-841.75,2
Бот 2,4,1,45185,12561,"setWorkerCount(01M05Z23JCX01D75XYADCEVBMD, 5)",735.42,1980.05,-1244.63,3
Бот 2,4,2,45185,12561,"setRndCommitment(01M05Z23JCX01D75XYADCEVBMD, 50)",735.42,1980.05,-1244.63,3
Бот 2,4,3,45185,12561,setGenerationResearchCommitment(100),735.42,1980.05,-1244.63,3
Бот 2,4,4,45185,12561,"sellToSystem(iron-ore, 5000)",735.42,1980.05,-1244.63,3
Бот 3,4,1,48431,12882,"setWorkerCount(01M05Z31C01TJHZP75JCCVSAVA, 5)",-1100.00,4568.42,-5668.42,5
Бот 3,4,2,48431,12882,takeLoan(1100.0),-1100.00,4568.42,-5668.42,5
Бот 3,4,3,48431,12882,buildFactory(mini-mill),-1100.00,4568.42,-5668.42,5
Бот 3,4,4,48431,12882,"sellToSystem(coking-coal, 10000)",-1100.00,4568.42,-5668.42,5
Бот 3,4,5,48431,12882,"sellToSystem(iron-ore, 8000)",-1100.00,4568.42,-5668.42,5
Бот 1,5,1,16492,12069,"setWorkerCount(01M05Z3GA1FWPKCTMWRRAZMWBK, 3)",2.04,985.07,-983.04,2
Бот 2,5,1,50389,12925,"sellToSystem(iron-ore, 10000)",2297.46,1970.15,327.31,4
Бот 2,5,2,50389,12925,"sellToSystem(scrap-metal, 1000)",2297.46,1970.15,327.31,4
Бот 2,5,3,50389,12925,"buildFactory(coal-mine, recipe=coking-coal-mining)",2297.46,1970.15,327.31,4
Бот 2,5,4,50389,12925,"setRndCommitment(01M05Z23JCX01D75XYADCEVBMD, 100)",2297.46,1970.15,327.31,4
Бот 2,5,5,50389,12925,setGenerationResearchCommitment(150),2297.46,1970.15,327.31,4
Бот 3,5,1,32609,13436,"setWorkerCount(01M05Z6BQKCJCQ2SQ21A6CAQKC, 5)",7635.56,5645.58,1989.98,6
Бот 3,5,2,32609,13436,takeLoan(1500),7635.56,5645.58,1989.98,6
Бот 3,5,3,32609,13436,buildFactory(limestone-quarry),7635.56,5645.58,1989.98,6
Бот 1,6,1,23188,12324,"sellToSystem(wire-rod, 450)",0.00,1415.27,-1415.27,2
Бот 1,6,2,23188,12324,"sellToSystem(scrap-metal, 1000)",0.00,1415.27,-1415.27,2
Бот 2,6,1,55009,13640,"setWorkerCount(01M05Z8D1V5GYZJ9W2ZDA2GBCN, 5)",6432.71,1960.30,4472.41,5
Бот 2,6,2,55009,13640,"sellToSystem(wire-rod, 1500)",6432.71,1960.30,4472.41,5
Бот 2,6,3,55009,13640,"sellToSystem(scrap-metal, 2800)",6432.71,1960.30,4472.41,5
Бот 2,6,4,55009,13640,"buildFactory(coking-plant, recipe=coke-from-coal)",6432.71,1960.30,4472.41,5
Бот 2,6,5,55009,13640,"setRndCommitment(01M05Z23JCX01D75XYADCEVBMD, 150)",6432.71,1960.30,4472.41,5
Бот 3,6,1,35281,14075,"setWorkerCount(01M05Z9CWZQQDVYMCKYTS2K280, 5)",5520.13,7117.35,-1597.22,6
Бот 3,6,2,35281,14075,takeLoan(2000.0),5520.13,7117.35,-1597.22,6
Бот 3,6,3,35281,14075,setGenerationResearchCommitment(1575.0),5520.13,7117.35,-1597.22,6
Бот 1,7,1,22628,12468,"sellToSystem(wire-rod, 450)",2162.67,1408.20,754.48,2
Бот 1,7,2,22628,12468,"sellToSystem(scrap-metal, 1000)",2162.67,1408.20,754.48,2
Бот 2,7,1,59086,14307,"setWorkerCount(01M05ZBS8R8SNJ55K57W9HYJXE, 5)",8557.28,1950.50,6606.78,6
Бот 2,7,2,59086,14307,"sellToSystem(scrap-metal, 450)",8557.28,1950.50,6606.78,6
Бот 2,7,3,59086,14307,"buildFactory(limestone-quarry, recipe=limestone-quarrying)",8557.28,1950.50,6606.78,6
Бот 2,7,4,59086,14307,"setRndCommitment(01M05Z23JCX01D75XYADCEVBMD, 200)",8557.28,1950.50,6606.78,6
Бот 2,7,5,59086,14307,setGenerationResearchCommitment(150),8557.28,1950.50,6606.78,6
Бот 3,7,1,49676,14714,takeLoan(2200.0),-1560.05,9081.76,-10641.81,7
Бот 3,7,2,49676,14714,"buildFactory(blast-furnace, recipe=pig-iron-from-ore)",-1560.05,9081.76,-10641.81,7
Бот 3,7,3,49676,14714,"sellToSystem(coking-coal, 5000)",-1560.05,9081.76,-10641.81,7
Бот 3,7,4,49676,14714,"sellToSystem(iron-ore, 10000)",-1560.05,9081.76,-10641.81,7
Бот 3,7,5,49676,14714,"sellToSystem(coke, 5000)",-1560.05,9081.76,-10641.81,7
Бот 1,8,1,22646,12612,"sellToSystem(wire-rod, 450)",4398.83,1401.15,2997.68,2
Бот 1,8,2,22646,12612,"sellToSystem(scrap-metal, 1150)",4398.83,1401.15,2997.68,2
Бот 2,8,1,58085,14970,"setWorkerCount(01M05ZFBH4SH75HFXA46PAK8HA, 5)",4575.56,1940.75,2634.82,6
Бот 2,8,2,58085,14970,"sellToSystem(wire-rod, 1500)",4575.56,1940.75,2634.82,6
Бот 2,8,3,58085,14970,"sellToSystem(iron-ore, 10000)",4575.56,1940.75,2634.82,6
Бот 2,8,4,58085,14970,"setRndCommitment(01M05Z23JCX01D75XYADCEVBMD, 200)",4575.56,1940.75,2634.82,6
Бот 2,8,5,58085,14970,setGenerationResearchCommitment(150),4575.56,1940.75,2634.82,6
Бот 3,8,1,47901,15789,"setWorkerCount(01M05ZGW1HHRE27P4ABD79678C, 5)",10207.72,11236.35,-1028.63,8
Бот 3,8,2,47901,15789,takeLoan(3200),10207.72,11236.35,-1028.63,8
Бот 3,8,3,47901,15789,buildFactory(foundry-cupola),10207.72,11236.35,-1028.63,8
Бот 3,8,4,47901,15789,"sellToSystem(wire-rod, 2250)",10207.72,11236.35,-1028.63,8
Бот 1,9,1,22071,12752,"sellToSystem(wire-rod, 450)",6828.47,1394.15,5434.33,2
Бот 1,9,2,22071,12752,"sellToSystem(scrap-metal, 270)",6828.47,1394.15,5434.33,2
Бот 2,9,1,62511,15760,"buildFactory(blast-furnace, recipe=pig-iron-from-ore)",7507.55,1931.04,5576.51,7
Бот 2,9,2,62511,15760,"sellToSystem(iron-ore, 10000)",7507.55,1931.04,5576.51,7
Бот 2,9,3,62511,15760,"sellToSystem(coking-coal, 5000)",7507.55,1931.04,5576.51,7
Бот 2,9,4,62511,15760,"setRndCommitment(01M05Z23JCX01D75XYADCEVBMD, 200)",7507.55,1931.04,5576.51,7
Бот 2,9,5,62511,15760,setGenerationResearchCommitment(150),7507.55,1931.04,5576.51,7
Бот 3,9,1,57342,16355,"setWorkerCount(01M05ZMSNG00WXRV5SM0QZCT97, 5)",7429.66,14380.17,-6950.51,9
Бот 3,9,2,57342,16355,takeLoan(1400),7429.66,14380.17,-6950.51,9
Бот 3,9,3,57342,16355,buildFactory(fastener-plant),7429.66,14380.17,-6950.51,9
Бот 3,9,4,57342,16355,"sellToSystem(iron-ore, 10000)",7429.66,14380.17,-6950.51,9
Бот 3,9,5,57342,16355,"sellToSystem(coking-coal, 2000)",7429.66,14380.17,-6950.51,9
Бот 1,10,1,22761,12907,"sellToSystem(wire-rod, 450)",8642.92,1387.18,7255.74,2
Бот 1,10,2,22761,12907,"sellToSystem(scrap-metal, 253.62)",8642.92,1387.18,7255.74,2
Бот 2,10,1,65166,16393,"setWorkerCount(01M05ZQC8T93HYQTE4F7MQETZB, 5)",11852.12,1921.39,9930.73,8
Бот 2,10,2,65166,16393,"buildFactory(fastener-plant, recipe=fasteners-from-wire-rod)",11852.12,1921.39,9930.73,8
Бот 2,10,3,65166,16393,"sellToSystem(scrap-metal, 1322.7)",11852.12,1921.39,9930.73,8
Бот 2,10,4,65166,16393,"setRndCommitment(01M05Z23JCX01D75XYADCEVBMD, 200)",11852.12,1921.39,9930.73,8
Бот 2,10,5,65166,16393,setGenerationResearchCommitment(150),11852.12,1921.39,9930.73,8
Бот 3,10,1,56521,17493,"setWorkerCount(01M05ZS48TAVQQ8PPC1JRF2DF2, 5)",1266.66,15708.27,-14441.61,10
Бот 3,10,2,56521,17493,takeLoan(3200),1266.66,15708.27,-14441.61,10
Бот 3,10,3,56521,17493,buildFactory(oxygen-converter),1266.66,15708.27,-14441.61,10
Бот 3,10,4,56521,17493,"sellToSystem(pig-iron, 3500)",1266.66,15708.27,-14441.61,10
Бот 3,10,5,56521,17493,"sellToSystem(coke, 4000)",1266.66,15708.27,-14441.61,10
Бот 1,11,1,23299,13152,"sellToSystem(wire-rod, 450)",10446.75,1380.24,9066.51,2
Бот 1,11,2,23299,13152,"sellToSystem(scrap-metal, 232.56)",10446.75,1380.24,9066.51,2
Бот 2,11,1,65916,17316,"setWorkerCount(01M05ZVT4T5HV9RJ6F6DKA10AA, 5)",6329.90,1911.78,4418.12,8
Бот 2,11,2,65916,17316,"sellToSystem(pig-iron, 2000)",6329.90,1911.78,4418.12,8
Бот 2,11,3,65916,17316,"sellToSystem(iron-ore, 10000)",6329.90,1911.78,4418.12,8
Бот 2,11,4,65916,17316,"setRndCommitment(01M05Z23JCX01D75XYADCEVBMD, 200)",6329.90,1911.78,4418.12,8
Бот 2,11,5,65916,17316,setGenerationResearchCommitment(150),6329.90,1911.78,4418.12,8
Бот 3,11,1,60511,18374,"setWorkerCount(01M05ZXHB82NXATETCPKWJQQ6Q, 5)",11979.69,18829.73,-6850.04,11
Бот 3,11,2,60511,18374,takeLoan(4200.0),11979.69,18829.73,-6850.04,11
Бот 3,11,3,60511,18374,buildFactory(billet-caster),11979.69,18829.73,-6850.04,11
Бот 3,11,4,60511,18374,"sellToSystem(fasteners, 5850)",11979.69,18829.73,-6850.04,11
Бот 3,11,5,60511,18374,"sellToSystem(cast-iron, 900)",11979.69,18829.73,-6850.04,11
Бот 1,12,1,29985,13155,"sellToSystem(wire-rod, 450)",12070.25,1373.34,10696.91,3
Бот 1,12,2,29985,13155,"sellToSystem(scrap-metal, 206.82)",12070.25,1373.34,10696.91,3
Бот 1,12,3,29985,13155,buildFactory(iron-mine),12070.25,1373.34,10696.91,3
Бот 2,12,1,63294,17584,"sellToSystem(fasteners, 5850)",19162.46,1902.22,17260.24,8
Бот 2,12,2,63294,17584,"sellToSystem(pig-iron, 5950)",19162.46,1902.22,17260.24,8
Бот 2,12,3,63294,17584,"sellToSystem(iron-ore, 22153)",19162.46,1902.22,17260.24,8
Бот 2,12,4,63294,17584,"sellToSystem(limestone, 7615)",19162.46,1902.22,17260.24,8
Бот 2,12,5,63294,17584,setGenerationResearchCommitment(150),19162.46,1902.22,17260.24,8
Бот 3,12,1,66528,18817,"setWorkerCount(01M06023JKEYD2EXWN3NB4NC9R, 5)",53358.58,22935.58,30423.00,12
Бот 3,12,2,66528,18817,takeLoan(4200.0),53358.58,22935.58,30423.00,12
Бот 3,12,3,66528,18817,"buildFactory(slab-caster, recipe=slab-from-crude-steel)",53358.58,22935.58,30423.00,12
Бот 3,12,4,66528,18817,"sellToSystem(fasteners, 5850)",53358.58,22935.58,30423.00,12
Бот 3,12,5,66528,18817,"sellToSystem(cast-iron, 450)",53358.58,22935.58,30423.00,12
Бот 1,13,1,34869,13429,"sellToSystem(wire-rod, 443.7)",14474.98,1366.47,13108.51,3
Бот 1,13,2,34869,13429,"sellToSystem(scrap-metal, 189)",14474.98,1366.47,13108.51,3
Бот 1,13,3,34869,13429,"setWorkerCount(01M06030VQ9RYG7D3KB9V4PAM9, 3)",14474.98,1366.47,13108.51,3
Бот 2,13,1,61254,17749,"sellToSystem(coke, 11445)",116993.84,1892.71,115101.13,8
Бот 2,13,2,61254,17749,"sellToSystem(coking-coal, 9415)",116993.84,1892.71,115101.13,8
Бот 2,13,3,61254,17749,"sellToSystem(pig-iron, 3975)",116993.84,1892.71,115101.13,8
Бот 2,13,4,61254,17749,"sellToSystem(wire-rod, 3352.05)",116993.84,1892.71,115101.13,8
Бот 2,13,5,61254,17749,setGenerationResearchCommitment(150),116993.84,1892.71,115101.13,8
Бот 3,13,1,69460,19660,"setWorkerCount(01M0606ZMXCMTEDG767N82P3DG, 5)",79517.79,27020.90,52496.89,13
Бот 3,13,2,69460,19660,takeLoan(5200.0),79517.79,27020.90,52496.89,13
Бот 3,13,3,69460,19660,"buildFactory(hot-rolling-mill, recipe=hot-rolled-sheet-from-slab)",79517.79,27020.90,52496.89,13
Бот 3,13,4,69460,19660,"sellToSystem(pig-iron, 5000)",79517.79,27020.90,52496.89,13
Бот 3,13,5,69460,19660,"sellToSystem(crude-steel, 2000)",79517.79,27020.90,52496.89,13
Бот 1,14,1,33818,13646,"sellToSystem(wire-rod, 435.6)",16790.32,1359.64,15430.67,3
Бот 1,14,2,33818,13646,"sellToSystem(scrap-metal, 170.1)",16790.32,1359.64,15430.67,3
Бот 1,14,3,33818,13646,"sellToSystem(iron-ore, 4962)",16790.32,1359.64,15430.67,3
Бот 2,14,1,59796,17816,"sellToSystem(fasteners, 11700)",187832.63,1883.25,185949.38,8
Бот 2,14,2,59796,17816,"sellToSystem(pig-iron, 3975)",187832.63,1883.25,185949.38,8
Бот 2,14,3,59796,17816,"sellToSystem(iron-ore, 2248.7)",187832.63,1883.25,185949.38,8
Бот 2,14,4,59796,17816,"sellToSystem(limestone, 2615)",187832.63,1883.25,185949.38,8
Бот 2,14,5,59796,17816,setGenerationResearchCommitment(150),187832.63,1883.25,185949.38,8
Бот 3,14,1,69990,20117,"setWorkerCount(01M060C1BRMHTQE6YJ1PJN5570, 5)",113492.33,32085.80,81406.53,13
Бот 3,14,2,69990,20117,"sellToSystem(fasteners, 11700)",113492.33,32085.80,81406.53,13
Бот 3,14,3,69990,20117,"sellToSystem(billet, 2050)",113492.33,32085.80,81406.53,13
Бот 3,14,4,69990,20117,takeLoan(6800.0),113492.33,32085.80,81406.53,13
Бот 3,14,5,69990,20117,"(skipped: buildFactory(cold-rolling-mill, recipe=cold-rolled-sheet-from-hot-rolled-sheet) — Factory definition 'cold-rolling-mill' requires generation 6, but team has only unlocked generation 5. (Parameter 'factoryDefinitionId'))",113492.33,32085.80,81406.53,13
Бот 1,15,1,25596,13786,"(skipped: buildFactory(blast-furnace) — Factory definition 'blast-furnace' requires generation 2, but team has only unlocked generation 1. (Parameter 'factoryDefinitionId'))",32401.88,1352.84,31049.04,3
Бот 1,15,2,25596,13786,setGenerationResearchCommitment(1575.00),32401.88,1352.84,31049.04,3
Бот 2,15,1,60500,17841,"sellToSystem(fasteners, 5850)",300664.68,1873.83,298790.85,8
Бот 2,15,2,60500,17841,"sellToSystem(pig-iron, 3975)",300664.68,1873.83,298790.85,8
Бот 2,15,3,60500,17841,"sellToSystem(iron-ore, 719.12)",300664.68,1873.83,298790.85,8
Бот 2,15,4,60500,17841,"sellToSystem(limestone, 1307.5)",300664.68,1873.83,298790.85,8
Бот 2,15,5,60500,17841,setGenerationResearchCommitment(150),300664.68,1873.83,298790.85,8
Бот 3,15,1,68071,20456,takeLoan(5200.0),210684.50,38725.37,171959.13,14
Бот 3,15,2,68071,20456,"buildFactory(bar-mill, recipe=forging-bar-from-billet)",210684.50,38725.37,171959.13,14
Бот 3,15,3,68071,20456,"sellToSystem(fasteners, 5850)",210684.50,38725.37,171959.13,14
Бот 3,15,4,68071,20456,"sellToSystem(cast-iron, 1350)",210684.50,38725.37,171959.13,14
Бот 3,15,5,68071,20456,"sellToSystem(hot-rolled-sheet, 500)",210684.50,38725.37,171959.13,14
Бот 1,16,1,52676,14459,buildFactory(blast-furnace),24887.17,1346.08,23541.09,7
Бот 1,16,2,52676,14459,buildFactory(coal-mine),24887.17,1346.08,23541.09,7
Бот 1,16,3,52676,14459,buildFactory(coking-plant),24887.17,1346.08,23541.09,7
Бот 1,16,4,52676,14459,buildFactory(fastener-plant),24887.17,1346.08,23541.09,7
Бот 1,16,5,52676,14459,"sellToSystem(iron-ore, 4962)",24887.17,1346.08,23541.09,7
Бот 2,16,1,61042,18046,"sellToSystem(fasteners, 5850)",376951.93,1864.46,375087.47,8
Бот 2,16,2,61042,18046,"sellToSystem(pig-iron, 3975)",376951.93,1864.46,375087.47,8
Бот 2,16,3,61042,18046,"sellToSystem(iron-ore, 404.86)",376951.93,1864.46,375087.47,8
Бот 2,16,4,61042,18046,"sellToSystem(limestone, 1272.5)",376951.93,1864.46,375087.47,8
Бот 2,16,5,61042,18046,setGenerationResearchCommitment(150),376951.93,1864.46,375087.47,8
Бот 3,16,1,78280,21151,"setWorkerCount(01M060NQPS1AKDQCHP4ZYC6YY8, 5)",272020.75,43731.74,228289.01,14
Бот 3,16,2,78280,21151,"setRndCommitment(01M05ZGW1HHRE27P4ABD79678C, 200)",272020.75,43731.74,228289.01,14
Бот 3,16,3,78280,21151,"setRndCommitment(01M05ZXHB82NXATETCPKWJQQ6Q, 200)",272020.75,43731.74,228289.01,14
Бот 3,16,4,78280,21151,"sellToSystem(fasteners, 5850)",272020.75,43731.74,228289.01,14
Бот 3,16,5,78280,21151,"sellToSystem(billet, 1025)",272020.75,43731.74,228289.01,14
Бот 1,17,1,65886,15983,"setWorkerCount(01M060QB5255ZXRHVHE6RWEPG2, 3)",39621.38,1339.35,38282.03,7
Бот 1,17,2,65886,15983,"setWorkerCount(01M060QB52XYVWYZHR23HMZSTD, 3)",39621.38,1339.35,38282.03,7
Бот 1,17,3,65886,15983,"setWorkerCount(01M060QB52BZ2YNJF2CY97V75Q, 3)",39621.38,1339.35,38282.03,7
Бот 1,17,4,65886,15983,"setWorkerCount(01M060QB52WNCK0T7JXRP68YVP, 3)",39621.38,1339.35,38282.03,7
Бот 1,17,5,65886,15983,"sellToSystem(scrap-metal, 386.1)",39621.38,1339.35,38282.03,7
Бот 2,17,1,60059,17951,"sellToSystem(fasteners, 5850)",455312.71,1855.14,453457.57,8
Бот 2,17,2,60059,17951,"sellToSystem(pig-iron, 3975)",455312.71,1855.14,453457.57,8
Бот 2,17,3,60059,17951,"sellToSystem(iron-ore, 57.52)",455312.71,1855.14,453457.57,8
Бот 2,17,4,60059,17951,"sellToSystem(limestone, 1227.5)",455312.71,1855.14,453457.57,8
Бот 2,17,5,60059,17951,setGenerationResearchCommitment(150),455312.71,1855.14,453457.57,8
Бот 3,17,1,70648,21388,"sellToSystem(fasteners, 5850)",311219.71,43513.08,267706.62,14
Бот 3,17,2,70648,21388,"sellToSystem(billet, 1262.5)",311219.71,43513.08,267706.62,14
Бот 3,17,3,70648,21388,"sellToSystem(hot-rolled-sheet, 1000)",311219.71,43513.08,267706.62,14
Бот 3,17,4,70648,21388,"sellToSystem(slab, 1165)",311219.71,43513.08,267706.62,14
Бот 3,17,5,70648,21388,"sellToSystem(crude-steel, 3721.75)",311219.71,43513.08,267706.62,14
Бот 1,18,1,57795,16478,"sellToSystem(fasteners, 3510)",36834.57,1332.65,35501.92,7
Бот 1,18,2,57795,16478,"sellToSystem(coke, 1860)",36834.57,1332.65,35501.92,7
Бот 1,18,3,57795,16478,"sellToSystem(wire-rod, 1449.9)",36834.57,1332.65,35501.92,7
Бот 1,18,4,57795,16478,"sellToSystem(coking-coal, 837)",36834.57,1332.65,35501.92,7
Бот 1,18,5,57795,16478,"sellToSystem(scrap-metal, 83.7)",36834.57,1332.65,35501.92,7
Бот 2,18,1,62635,18476,"sellToSystem(fasteners, 5850)",536874.82,1845.86,535028.95,8
Бот 2,18,2,62635,18476,"sellToSystem(pig-iron, 3773.19)",536874.82,1845.86,535028.95,8
Бот 2,18,3,62635,18476,"sellToSystem(coking-coal, 6058.95)",536874.82,1845.86,535028.95,8
Бот 2,18,4,62635,18476,"sellToSystem(coke, 3138.09)",536874.82,1845.86,535028.95,8
Бот 2,18,5,62635,18476,setGenerationResearchCommitment(150),536874.82,1845.86,535028.95,8
Бот 3,18,1,70571,21418,"sellToSystem(fasteners, 5768.1)",467805.38,43295.52,424509.86,14
Бот 3,18,2,70571,21418,"sellToSystem(forging-bar, 1500)",467805.38,43295.52,424509.86,14
Бот 3,18,3,70571,21418,"sellToSystem(billet, 237.5)",467805.38,43295.52,424509.86,14
Бот 3,18,4,70571,21418,"sellToSystem(cast-iron, 1329.3)",467805.38,43295.52,424509.86,14
Бот 3,18,5,70571,21418,"sellToSystem(crude-steel, 534.5)",467805.38,43295.52,424509.86,14
Бот 1,19,1,39774,17141,buildFactory(oxygen-converter),86703.88,1325.99,85377.89,10
Бот 1,19,2,39774,17141,buildFactory(foundry-cupola),86703.88,1325.99,85377.89,10
Бот 1,19,3,39774,17141,buildFactory(engine-block-foundry),86703.88,1325.99,85377.89,10
Бот 2,19,1,62708,18424,"sellToSystem(fasteners, 5768.1)",634132.40,1836.63,632295.77,8
Бот 2,19,2,62708,18424,"sellToSystem(pig-iron, 3514.75)",634132.40,1836.63,632295.77,8
Бот 2,19,3,62708,18424,"sellToSystem(wire-rod, 2544.05)",634132.40,1836.63,632295.77,8
Бот 2,19,4,62708,18424,"sellToSystem(limestone, 2478.62)",634132.40,1836.63,632295.77,8
Бот 2,19,5,62708,18424,setGenerationResearchCommitment(150),634132.40,1836.63,632295.77,8
Бот 3,19,1,70431,22000,"sellToSystem(fasteners, 5662.8)",581092.64,43079.04,538013.60,14
Бот 3,19,2,70431,22000,"sellToSystem(forging-bar, 750)",581092.64,43079.04,538013.60,14
Бот 3,19,3,70431,22000,"sellToSystem(hot-rolled-sheet, 1000)",581092.64,43079.04,538013.60,14
Бот 3,19,4,70431,22000,"sellToSystem(slab, 320)",581092.64,43079.04,538013.60,14
Бот 3,19,5,70431,22000,"sellToSystem(cast-iron, 425.7)",581092.64,43079.04,538013.60,14
Бот 1,20,1,65755,17840,"setWorkerCount(01M0618MKWCWCF5G3A43731VFK, 3)",81027.01,1319.36,79707.65,10
Бот 1,20,2,65755,17840,"setWorkerCount(01M0618MKWHZ0GRQBBA5ZDC30F, 3)",81027.01,1319.36,79707.65,10
Бот 1,20,3,65755,17840,"setWorkerCount(01M0618MKWS88V0FPTKZ07QACX, 3)",81027.01,1319.36,79707.65,10
Бот 1,20,4,65755,17840,"sellToSystem(fasteners, 7020)",81027.01,1319.36,79707.65,10
Бот 1,20,5,65755,17840,"sellToSystem(coke, 3720)",81027.01,1319.36,79707.65,10
Бот 2,20,1,59916,18374,"buildFactory(foundry-cupola, recipe=cast-iron-from-pig-iron)",735416.38,1827.45,733588.93,10
Бот 2,20,2,59916,18374,"buildFactory(oxygen-converter, recipe=crude-steel-from-pig-iron)",735416.38,1827.45,733588.93,10
Бот 2,20,3,59916,18374,"setRndCommitment(01M05Z23JCX01D75XYADCEVBMD, 200)",735416.38,1827.45,733588.93,10
Бот 2,20,4,59916,18374,setGenerationResearchCommitment(150),735416.38,1827.45,733588.93,10
Бот 3,20,1,72189,21976,"sellToSystem(fasteners, 5534.1)",689356.44,42863.65,646492.79,14
Бот 3,20,2,72189,21976,"sellToSystem(wire-rod, 5474.25)",689356.44,42863.65,646492.79,14
Бот 3,20,3,72189,21976,"sellToSystem(pig-iron, 9742.25)",689356.44,42863.65,646492.79,14
Бот 3,20,4,72189,21976,"sellToSystem(coke, 9230.65)",689356.44,42863.65,646492.79,14
Бот 3,20,5,72189,21976,"sellToSystem(coking-coal, 11666.32)",689356.44,42863.65,646492.79,14
Бот 1,21,1,60182,18329,"sellToSystem(iron-ore, 29702.53)",165374.99,1312.76,164062.22,10
Бот 1,21,2,60182,18329,"sellToSystem(fasteners, 3510)",165374.99,1312.76,164062.22,10
Бот 1,21,3,60182,18329,"sellToSystem(coke, 1860)",165374.99,1312.76,164062.22,10
Бот 1,21,4,60182,18329,"sellToSystem(coking-coal, 2511)",165374.99,1312.76,164062.22,10
Бот 1,21,5,60182,18329,"sellToSystem(wire-rod, 519.3)",165374.99,1312.76,164062.22,10
Бот 2,21,1,66208,18990,"setWorkerCount(01M061GHCNG9K1202SJXKM92M8, 5)",731360.97,1818.31,729542.65,10
Бот 2,21,2,66208,18990,"setWorkerCount(01M061GHCN008MHTAFN3381WNR, 5)",731360.97,1818.31,729542.65,10
Бот 2,21,3,66208,18990,"sellToSystem(fasteners, 11196.9)",731360.97,1818.31,729542.65,10
Бот 2,21,4,66208,18990,"sellToSystem(pig-iron, 6171.49)",731360.97,1818.31,729542.65,10
Бот 2,21,5,66208,18990,setGenerationResearchCommitment(150),731360.97,1818.31,729542.65,10
Бот 3,21,1,80681,22378,"buildFactory(cold-rolling-mill, recipe=cold-rolled-sheet-from-hot-rolled-sheet)",868123.16,42649.33,825473.83,17
Бот 3,21,2,80681,22378,"buildFactory(forge-shop, recipe=forged-blanks-from-forging-bar)",868123.16,42649.33,825473.83,17
Бот 3,21,3,80681,22378,"buildFactory(engine-block-foundry, recipe=engine-block-castings-from-cast-iron)",868123.16,42649.33,825473.83,17
Бот 3,21,4,80681,22378,"sellToSystem(fasteners, 5382)",868123.16,42649.33,825473.83,17
Бот 3,21,5,80681,22378,"sellToSystem(iron-ore, 26021.16)",868123.16,42649.33,825473.83,17
Бот 1,22,1,60847,19013,"sellToSystem(iron-ore, 4803.22)",348103.70,1306.20,346797.51,10
Бот 1,22,2,60847,19013,"sellToSystem(fasteners, 3510)",348103.70,1306.20,346797.51,10
Бот 1,22,3,60847,19013,"sellToSystem(coke, 1860)",348103.70,1306.20,346797.51,10
Бот 1,22,4,60847,19013,"sellToSystem(coking-coal, 837)",348103.70,1306.20,346797.51,10
Бот 1,22,5,60847,19013,"sellToSystem(wire-rod, 130.5)",348103.70,1306.20,346797.51,10
Бот 2,22,1,59424,19162,"sellToSystem(fasteners, 5382)",864384.07,1809.22,862574.85,10
Бот 2,22,2,59424,19162,"sellToSystem(cast-iron, 450)",864384.07,1809.22,862574.85,10
Бот 2,22,3,59424,19162,"sellToSystem(crude-steel, 1188.81)",864384.07,1809.22,862574.85,10
Бот 2,22,4,59424,19162,"sellToSystem(pig-iron, 812.69)",864384.07,1809.22,862574.85,10
Бот 2,22,5,59424,19162,setGenerationResearchCommitment(150),864384.07,1809.22,862574.85,10
Бот 3,22,1,82516,23123,"setWorkerCount(01M061S24FBBMBHPMS1QE06WRK, 5)",975092.42,42436.08,932656.34,17
Бот 3,22,2,82516,23123,"setWorkerCount(01M061S24FDYTAXKN8R2E862DR, 5)",975092.42,42436.08,932656.34,17
Бот 3,22,3,82516,23123,"setWorkerCount(01M061S24FFPXZY2QJEZ83Y6XM, 5)",975092.42,42436.08,932656.34,17
Бот 3,22,4,82516,23123,"sellToSystem(fasteners, 5206.5)",975092.42,42436.08,932656.34,17
Бот 3,22,5,82516,23123,"sellToSystem(limestone, 21359.29)",975092.42,42436.08,932656.34,17
Бот 1,23,1,67680,19159,buildFactory(billet-caster),428118.00,1299.67,426818.33,13
Бот 1,23,2,67680,19159,buildFactory(bar-mill),428118.00,1299.67,426818.33,13
Бот 1,23,3,67680,19159,buildFactory(stress-relief-shop),428118.00,1299.67,426818.33,13
Бот 1,23,4,67680,19159,"sellToSystem(iron-ore, 4694.05)",428118.00,1299.67,426818.33,13
Бот 1,23,5,67680,19159,"sellToSystem(fasteners, 3510)",428118.00,1299.67,426818.33,13
Бот 2,23,1,63951,19155,"sellToSystem(fasteners, 5206.5)",949000.51,1800.17,947200.33,10
Бот 2,23,2,63951,19155,"sellToSystem(cast-iron, 450)",949000.51,1800.17,947200.33,10
Бот 2,23,3,63951,19155,"sellToSystem(crude-steel, 1033.75)",949000.51,1800.17,947200.33,10
Бот 2,23,4,63951,19155,"sellToSystem(pig-iron, 642.13)",949000.51,1800.17,947200.33,10
Бот 2,23,5,63951,19155,setGenerationResearchCommitment(150),949000.51,1800.17,947200.33,10
Бот 3,23,1,86903,23409,"setRndCommitment(01M05ZMSNG00WXRV5SM0QZCT97, 200)",1069006.51,42223.90,1026782.61,19
Бот 3,23,2,86903,23409,"setRndCommitment(01M061S24FFPXZY2QJEZ83Y6XM, 200)",1069006.51,42223.90,1026782.61,19
Бот 3,23,3,86903,23409,"buildFactory(rough-machining-shop, recipe=rough-machined-block-from-castings)",1069006.51,42223.90,1026782.61,19
Бот 3,23,4,86903,23409,"buildFactory(stress-relief-shop, recipe=heat-treated-castings-from-castings)",1069006.51,42223.90,1026782.61,19
Бот 3,23,5,86903,23409,"sellToSystem(fasteners, 5007.6)",1069006.51,42223.90,1026782.61,19
Бот 1,24,1,74292,19862,"setWorkerCount(01M0621A9MW5E7FQGKQGMPB5EC, 3)",503654.35,1293.17,502361.18,13
Бот 1,24,2,74292,19862,"setWorkerCount(01M0621A9MYQMQSYKSH7YHW2VB, 3)",503654.35,1293.17,502361.18,13
Бот 1,24,3,74292,19862,"setWorkerCount(01M0621A9NFWPFDQA7W87N2JQJ, 3)",503654.35,1293.17,502361.18,13
Бот 1,24,4,74292,19862,"sellToSystem(fasteners, 3510)",503654.35,1293.17,502361.18,13
Бот 1,24,5,74292,19862,"sellToSystem(coke, 3720)",503654.35,1293.17,502361.18,13
Бот 2,24,1,63520,19171,"sellToSystem(fasteners, 5007.6)",1030839.80,1791.17,1029048.63,10
Бот 2,24,2,63520,19171,"sellToSystem(cast-iron, 450)",1030839.80,1791.17,1029048.63,10
Бот 2,24,3,63520,19171,"sellToSystem(crude-steel, 869.29)",1030839.80,1791.17,1029048.63,10
Бот 2,24,4,63520,19171,"sellToSystem(pig-iron, 461.22)",1030839.80,1791.17,1029048.63,10
Бот 2,24,5,63520,19171,setGenerationResearchCommitment(150),1030839.80,1791.17,1029048.63,10
Бот 3,24,1,82813,23919,"setWorkerCount(01M0625XMDH4QZR3N5V9H50TQN, 5)",1094680.19,42012.78,1052667.41,19
Бот 3,24,2,82813,23919,"setWorkerCount(01M0625XMDA322DVH6TW58BHQX, 5)",1094680.19,42012.78,1052667.41,19
Бот 3,24,3,82813,23919,"sellToSystem(fasteners, 4785.3)",1094680.19,42012.78,1052667.41,19
Бот 3,24,4,82813,23919,"sellToSystem(forging-bar, 2584.5)",1094680.19,42012.78,1052667.41,19
Бот 3,24,5,82813,23919,"sellToSystem(hot-rolled-sheet, 1680)",1094680.19,42012.78,1052667.41,19
Бот 1,25,1,68202,20057,"sellToSystem(fasteners, 3460.86)",572972.20,1286.70,571685.49,13
Бот 1,25,2,68202,20057,"sellToSystem(iron-ore, 8981.22)",572972.20,1286.70,571685.49,13
Бот 1,25,3,68202,20057,"sellToSystem(coke, 1833.96)",572972.20,1286.70,571685.49,13
Бот 1,25,4,68202,20057,"sellToSystem(coking-coal, 2499.28)",572972.20,1286.70,571685.49,13
Бот 1,25,5,68202,20057,"sellToSystem(wire-rod, 163.47)",572972.20,1286.70,571685.49,13
Бот 2,25,1,63612,19184,"sellToSystem(fasteners, 4785.3)",1108445.29,1782.22,1106663.07,10
Бот 2,25,2,63612,19184,"sellToSystem(cast-iron, 450)",1108445.29,1782.22,1106663.07,10
Бот 2,25,3,63612,19184,"sellToSystem(crude-steel, 695.44)",1108445.29,1782.22,1106663.07,10
Бот 2,25,4,63612,19184,"sellToSystem(pig-iron, 269.98)",1108445.29,1782.22,1106663.07,10
Бот 2,25,5,63612,19184,setGenerationResearchCommitment(150),1108445.29,1782.22,1106663.07,10
Бот 3,25,1,78151,23939,"sellToSystem(fasteners, 4539.6)",1282559.40,41802.72,1240756.69,19
Бот 3,25,2,78151,23939,"sellToSystem(forged-blanks, 1575)",1282559.40,41802.72,1240756.69,19
Бот 3,25,3,78151,23939,"sellToSystem(cold-rolled-sheet, 1050)",1282559.40,41802.72,1240756.69,19
Бот 3,25,4,78151,23939,"sellToSystem(billet, 1253.88)",1282559.40,41802.72,1240756.69,19
Бот 3,25,5,78151,23939,"sellToSystem(crude-steel, 2704.91)",1282559.40,41802.72,1240756.69,19
Бот 1,26,1,59249,20353,"sellToSystem(fasteners, 2550.6)",713868.02,1280.27,712587.75,13
Бот 1,26,2,59249,20353,"sellToSystem(iron-ore, 4247.47)",713868.02,1280.27,712587.75,13
Бот 1,26,3,59249,20353,"sellToSystem(coke, 1800.48)",713868.02,1280.27,712587.75,13
Бот 1,26,4,59249,20353,"sellToSystem(coking-coal, 810.22)",713868.02,1280.27,712587.75,13
Бот 2,26,1,64700,19482,"sellToSystem(fasteners, 4539.6)",1180928.70,1773.31,1179155.40,10
Бот 2,26,2,64700,19482,"sellToSystem(cast-iron, 450)",1180928.70,1773.31,1179155.40,10
Бот 2,26,3,64700,19482,"sellToSystem(crude-steel, 512.18)",1180928.70,1773.31,1179155.40,10
Бот 2,26,4,64700,19482,"sellToSystem(pig-iron, 68.39)",1180928.70,1773.31,1179155.40,10
Бот 2,26,5,64700,19482,setGenerationResearchCommitment(150),1180928.70,1773.31,1179155.40,10
Бот 3,26,1,80428,24436,"sellToSystem(fasteners, 4270.5)",1557829.03,41593.70,1516235.33,19
Бот 3,26,2,80428,24436,"sellToSystem(engine-block-castings, 664)",1557829.03,41593.70,1516235.33,19
Бот 3,26,3,80428,24436,"sellToSystem(forged-blanks, 436.05)",1557829.03,41593.70,1516235.33,19
Бот 3,26,4,80428,24436,"sellToSystem(cold-rolled-sheet, 350)",1557829.03,41593.70,1516235.33,19
Бот 3,26,5,80428,24436,"sellToSystem(rough-machined-block, 180)",1557829.03,41593.70,1516235.33,19
Бот 1,27,1,50985,20266,"sellToSystem(iron-ore, 4058.92)",805786.10,1273.87,804512.23,13
Бот 1,27,2,50985,20266,"sellToSystem(coke, 1759.56)",805786.10,1273.87,804512.23,13
Бот 1,27,3,50985,20266,"sellToSystem(coking-coal, 791.8)",805786.10,1273.87,804512.23,13
Бот 2,27,1,65792,19473,"sellToSystem(fasteners, 4270.5)",1243772.32,1764.44,1242007.88,10
Бот 2,27,2,65792,19473,"sellToSystem(wire-rod, 1591.38)",1243772.32,1764.44,1242007.88,10
Бот 2,27,3,65792,19473,"sellToSystem(limestone, 10170.91)",1243772.32,1764.44,1242007.88,10
Бот 2,27,4,65792,19473,"sellToSystem(coke, 8507.97)",1243772.32,1764.44,1242007.88,10
Бот 2,27,5,65792,19473,setGenerationResearchCommitment(150),1243772.32,1764.44,1242007.88,10
Бот 3,27,1,79102,24426,"sellToSystem(fasteners, 3978)",1677593.44,41385.74,1636207.71,19
Бот 3,27,2,79102,24426,"sellToSystem(cast-iron, 1333.2)",1677593.44,41385.74,1636207.71,19
Бот 3,27,3,79102,24426,"sellToSystem(slab, 631.8)",1677593.44,41385.74,1636207.71,19
Бот 3,27,4,79102,24426,"sellToSystem(wire-rod, 1281.53)",1677593.44,41385.74,1636207.71,19
Бот 3,27,5,79102,24426,"sellToSystem(pig-iron, 486.83)",1677593.44,41385.74,1636207.71,19
Бот 1,28,1,59740,20592,"sellToSystem(iron-ore, 3850.51)",853452.04,1267.50,852184.54,13
Бот 1,28,2,59740,20592,"sellToSystem(coke, 1711.2)",853452.04,1267.50,852184.54,13
Бот 1,28,3,59740,20592,"sellToSystem(coking-coal, 770.04)",853452.04,1267.50,852184.54,13
Бот 2,28,1,55228,19427,"sellToSystem(coking-coal, 6468.15)",1395979.69,1755.62,1394224.07,10
Бот 2,28,2,55228,19427,"sellToSystem(coke, 1364)",1395979.69,1755.62,1394224.07,10
Бот 2,28,3,55228,19427,"sellToSystem(limestone, 1265)",1395979.69,1755.62,1394224.07,10
Бот 2,28,4,55228,19427,setGenerationResearchCommitment(150),1395979.69,1755.62,1394224.07,10
Бот 3,28,1,80108,24376,"sellToSystem(fasteners, 3662.1)",1752345.46,41178.81,1711166.65,19
Бот 3,28,2,80108,24376,"sellToSystem(cold-rolled-sheet, 511.82)",1752345.46,41178.81,1711166.65,19
Бот 3,28,3,80108,24376,"sellToSystem(rough-machined-block, 180)",1752345.46,41178.81,1711166.65,19
Бот 3,28,4,80108,24376,"sellToSystem(heat-treated-castings, 162.1)",1752345.46,41178.81,1711166.65,19
Бот 3,28,5,80108,24376,"sellToSystem(forged-blanks, 298.61)",1752345.46,41178.81,1711166.65,19
Бот 1,29,1,54646,20466,"sellToSystem(iron-ore, 3622.26)",896276.96,1261.16,895015.80,13
Бот 1,29,2,54646,20466,"sellToSystem(coke, 1655.4)",896276.96,1261.16,895015.80,13
Бот 1,29,3,54646,20466,"sellToSystem(coking-coal, 744.93)",896276.96,1261.16,895015.80,13
Бот 2,29,1,55924,19375,"sellToSystem(coke, 1147)",1439743.52,1746.84,1437996.68,10
Бот 2,29,2,55924,19375,"sellToSystem(limestone, 1100)",1439743.52,1746.84,1437996.68,10
Бот 2,29,3,55924,19375,"sellToSystem(coking-coal, 68.82)",1439743.52,1746.84,1437996.68,10
Бот 2,29,4,55924,19375,setGenerationResearchCommitment(150),1439743.52,1746.84,1437996.68,10
Бот 3,29,1,79605,24869,"sellToSystem(fasteners, 3322.8)",1871967.89,40972.91,1830994.98,19
Бот 3,29,2,79605,24869,"sellToSystem(limestone, 5877.36)",1871967.89,40972.91,1830994.98,19
Бот 3,29,3,79605,24869,"sellToSystem(scrap-metal, 8367.3)",1871967.89,40972.91,1830994.98,19
Бот 3,29,4,79605,24869,"sellToSystem(coke, 185.58)",1871967.89,40972.91,1830994.98,19
Бот 3,29,5,79605,24869,"sellToSystem(wire-rod, 36.26)",1871967.89,40972.91,1830994.98,19
Бот 1,30,1,53730,20479,"sellToSystem(iron-ore, 3374.16)",934211.15,1254.86,932956.29,13
Бот 1,30,2,53730,20479,"sellToSystem(coke, 1592.16)",934211.15,1254.86,932956.29,13
Бот 1,30,3,53730,20479,"sellToSystem(coking-coal, 716.47)",934211.15,1254.86,932956.29,13
Бот 2,30,1,45647,19273,"sellToSystem(limestone, 925)",1450471.22,1738.11,1448733.12,10
Бот 2,30,2,45647,19273,"sellToSystem(coke, 878.54)",1450471.22,1738.11,1448733.12,10
Бот 2,30,3,45647,19273,setGenerationResearchCommitment(150),1450471.22,1738.11,1448733.12,10
Бот 3,30,1,93491,24800,"sellToSystem(limestone, 545)",1960017.62,40768.05,1919249.57,19
Бот 3,30,2,93491,24800,"setRndCommitment(01M05ZS48TAVQQ8PPC1JRF2DF2, 200)",1960017.62,40768.05,1919249.57,19
Бот 3,30,3,93491,24800,"setRndCommitment(01M06023JKEYD2EXWN3NB4NC9R, 200)",1960017.62,40768.05,1919249.57,19
Бот 3,30,4,93491,24800,"setRndCommitment(01M0606ZMXCMTEDG767N82P3DG, 200)",1960017.62,40768.05,1919249.57,19
Бот 3,30,5,93491,24800,"setRndCommitment(01M060C1BRMHTQE6YJ1PJN5570, 200)",1960017.62,40768.05,1919249.57,19
Бот 1,31,1,50543,20560,"sellToSystem(iron-ore, 3106.21)",967403.49,1248.58,966154.91,13
Бот 1,31,2,50543,20560,"sellToSystem(coke, 1521.48)",967403.49,1248.58,966154.91,13
Бот 1,31,3,50543,20560,"sellToSystem(coking-coal, 684.67)",967403.49,1248.58,966154.91,13
Бот 2,31,1,37448,19322,"sellToSystem(limestone, 740)",1458075.12,1729.42,1456345.71,10
Бот 2,31,2,37448,19322,setGenerationResearchCommitment(150),1458075.12,1729.42,1456345.71,10
Бот 3,31,1,94135,25304,"buildFactory(machining-shop, recipe=machined-parts-from-forged-blanks)",1921535.54,40564.21,1880971.33,22
Бот 3,31,2,94135,25304,"buildFactory(precision-machining-shop, recipe=engine-block-finished-from-rough-machined)",1921535.54,40564.21,1880971.33,22
Бот 3,31,3,94135,25304,"buildFactory(stamping-shop, recipe=stamped-panels-from-cold-rolled-sheet)",1921535.54,40564.21,1880971.33,22
Бот 3,31,4,94135,25304,"setRndCommitment(01M061S24FFPXZY2QJEZ83Y6XM, 200)",1921535.54,40564.21,1880971.33,22
Бот 3,31,5,94135,25304,"setRndCommitment(01M0625XMDH4QZR3N5V9H50TQN, 200)",1921535.54,40564.21,1880971.33,22
Бот 1,32,1,50344,20420,"sellToSystem(iron-ore, 2818.42)",995972.92,1242.34,994730.58,13
Бот 1,32,2,50344,20420,"sellToSystem(coke, 1443.36)",995972.92,1242.34,994730.58,13
Бот 1,32,3,50344,20420,"sellToSystem(coking-coal, 649.51)",995972.92,1242.34,994730.58,13
Бот 2,32,1,37597,19090,"sellToSystem(limestone, 545)",1460906.75,1720.77,1459185.98,10
Бот 2,32,2,37597,19090,setGenerationResearchCommitment(150),1460906.75,1720.77,1459185.98,10
Бот 3,32,1,94553,25984,"setWorkerCount(01M063PFQGJ5D1G7HDAHN3A5TA, 5)",1906342.70,40361.39,1865981.31,22
Бот 3,32,2,94553,25984,"setWorkerCount(01M063PFQGWGQRNWESXAAA4BZT, 5)",1906342.70,40361.39,1865981.31,22
Бот 3,32,3,94553,25984,"setWorkerCount(01M063PFQGXNXJPSCS040PPAYP, 5)",1906342.70,40361.39,1865981.31,22
Бот 3,32,4,94553,25984,"setRndCommitment(01M063PFQGJ5D1G7HDAHN3A5TA, 200)",1906342.70,40361.39,1865981.31,22
Бот 3,32,5,94553,25984,"setRndCommitment(01M063PFQGWGQRNWESXAAA4BZT, 200)",1906342.70,40361.39,1865981.31,22
Бот 1,33,1,50006,20293,"sellToSystem(iron-ore, 2510.77)",1020109.82,1236.13,1018873.69,13
Бот 1,33,2,50006,20293,"sellToSystem(coke, 1357.8)",1020109.82,1236.13,1018873.69,13
Бот 1,33,3,50006,20293,"sellToSystem(coking-coal, 611.01)",1020109.82,1236.13,1018873.69,13
Бот 2,33,1,78954,18922,setGenerationResearchCommitment(150),1462547.22,1712.16,1460835.06,10
Бот 2,33,2,78954,18922,"setRndCommitment(01M05Z23JCX01D75XYADCEVBMD, 200)",1462547.22,1712.16,1460835.06,10
Бот 2,33,3,78954,18922,"setRndCommitment(01M05ZQC8T93HYQTE4F7MQETZB, 200)",1462547.22,1712.16,1460835.06,10
Бот 2,33,4,78954,18922,"setRndCommitment(01M05ZVT4T5HV9RJ6F6DKA10AA, 200)",1462547.22,1712.16,1460835.06,10
Бот 2,33,5,78954,18922,"setRndCommitment(01M061GHCN008MHTAFN3381WNR, 200)",1462547.22,1712.16,1460835.06,10
Бот 3,33,1,99488,26019,"setRndCommitment(01M063PFQGXNXJPSCS040PPAYP, 200)",1889930.14,40159.58,1849770.56,22
Бот 3,33,2,99488,26019,"setRndCommitment(01M061S24FBBMBHPMS1QE06WRK, 200)",1889930.14,40159.58,1849770.56,22
Бот 3,33,3,99488,26019,"setRndCommitment(01M061S24FDYTAXKN8R2E862DR, 200)",1889930.14,40159.58,1849770.56,22
Бот 3,33,4,99488,26019,"setRndCommitment(01M060NQPS1AKDQCHP4ZYC6YY8, 200)",1889930.14,40159.58,1849770.56,22
Бот 3,33,5,99488,26019,"setRndCommitment(01M0625XMDA322DVH6TW58BHQX, 200)",1889930.14,40159.58,1849770.56,22
Бот 1,34,1,50299,20152,"sellToSystem(iron-ore, 2183.28)",1039863.55,1229.95,1038633.60,13
Бот 1,34,2,50299,20152,"sellToSystem(coke, 1264.8)",1039863.55,1229.95,1038633.60,13
Бот 1,34,3,50299,20152,"sellToSystem(coking-coal, 569.16)",1039863.55,1229.95,1038633.60,13
Бот 2,34,1,79950,18999,setGenerationResearchCommitment(150),1461096.12,1703.60,1459392.52,10
Бот 2,34,2,79950,18999,"setRndCommitment(01M05Z23JCX01D75XYADCEVBMD, 200)",1461096.12,1703.60,1459392.52,10
Бот 2,34,3,79950,18999,"setRndCommitment(01M05ZQC8T93HYQTE4F7MQETZB, 200)",1461096.12,1703.60,1459392.52,10
Бот 2,34,4,79950,18999,"setRndCommitment(01M05ZVT4T5HV9RJ6F6DKA10AA, 200)",1461096.12,1703.60,1459392.52,10
Бот 2,34,5,79950,18999,"setRndCommitment(01M061GHCN008MHTAFN3381WNR, 200)",1461096.12,1703.60,1459392.52,10
Бот 3,34,1,99866,26026,"setRndCommitment(01M05Z6BQKCJCQ2SQ21A6CAQKC, 200)",1873373.60,39958.78,1833414.81,22
Бот 3,34,2,99866,26026,"setRndCommitment(01M05Z31C01TJHZP75JCCVSAVA, 200)",1873373.60,39958.78,1833414.81,22
Бот 3,34,3,99866,26026,"setRndCommitment(01M05YXNM0D3HW62P9TKK8RV6V, 200)",1873373.60,39958.78,1833414.81,22
Бот 3,34,4,99866,26026,"setRndCommitment(01M05YXNM075A9T5XZVXM028EH, 200)",1873373.60,39958.78,1833414.81,22
Бот 3,34,5,99866,26026,"setRndCommitment(01M05Z0HC7QSZPX68YVDCGPDCZ, 200)",1873373.60,39958.78,1833414.81,22
Бот 1,35,1,59315,19967,"sellToSystem(iron-ore, 1835.94)",1055379.84,1223.80,1054156.05,13
Бот 1,35,2,59315,19967,"sellToSystem(coke, 1164.36)",1055379.84,1223.80,1054156.05,13
Бот 1,35,3,59315,19967,"sellToSystem(coking-coal, 523.96)",1055379.84,1223.80,1054156.05,13
Бот 1,35,4,59315,19967,"sellToSystem(scrap-metal, 994.5)",1055379.84,1223.80,1054156.05,13
Бот 2,35,1,74287,19082,"sellToSystem(scrap-metal, 1657.5)",1459204.68,1695.09,1457509.60,10
Бот 2,35,2,74287,19082,"sellToSystem(iron-ore, 7029.5)",1459204.68,1695.09,1457509.60,10
Бот 2,35,3,74287,19082,setGenerationResearchCommitment(150),1459204.68,1695.09,1457509.60,10
Бот 2,35,4,74287,19082,"setRndCommitment(01M05Z23JCX01D75XYADCEVBMD, 200)",1459204.68,1695.09,1457509.60,10
Бот 2,35,5,74287,19082,"setRndCommitment(01M05ZQC8T93HYQTE4F7MQETZB, 200)",1459204.68,1695.09,1457509.60,10
Бот 3,35,1,95486,26087,"sellToSystem(coking-coal, 5138.25)",1855602.92,39758.99,1815843.93,22
Бот 3,35,2,95486,26087,"sellToSystem(scrap-metal, 1657.5)",1855602.92,39758.99,1815843.93,22
Бот 3,35,3,95486,26087,"setRndCommitment(01M063PFQGXNXJPSCS040PPAYP, 200)",1855602.92,39758.99,1815843.93,22
Бот 3,35,4,95486,26087,"setRndCommitment(01M063PFQGWGQRNWESXAAA4BZT, 200)",1855602.92,39758.99,1815843.93,22
Бот 3,35,5,95486,26087,"setRndCommitment(01M063PFQGJ5D1G7HDAHN3A5TA, 200)",1855602.92,39758.99,1815843.93,22
Бот 1,36,1,60086,20171,"sellToSystem(iron-ore, 1468.75)",1070216.17,1217.68,1068998.49,13
Бот 1,36,2,60086,20171,"sellToSystem(coke, 1056.48)",1070216.17,1217.68,1068998.49,13
Бот 1,36,3,60086,20171,"sellToSystem(coking-coal, 475.42)",1070216.17,1217.68,1068998.49,13
Бот 1,36,4,60086,20171,"sellToSystem(scrap-metal, 994.5)",1070216.17,1217.68,1068998.49,13
Бот 2,36,1,80169,19430,setGenerationResearchCommitment(150),1477900.93,1686.61,1476214.32,10
Бот 2,36,2,80169,19430,"setRndCommitment(01M05Z23JCX01D75XYADCEVBMD, 200)",1477900.93,1686.61,1476214.32,10
Бот 2,36,3,80169,19430,"setRndCommitment(01M05ZQC8T93HYQTE4F7MQETZB, 200)",1477900.93,1686.61,1476214.32,10
Бот 2,36,4,80169,19430,"setRndCommitment(01M05ZVT4T5HV9RJ6F6DKA10AA, 200)",1477900.93,1686.61,1476214.32,10
Бот 2,36,5,80169,19430,"setRndCommitment(01M061GHCN008MHTAFN3381WNR, 200)",1477900.93,1686.61,1476214.32,10
Бот 3,36,1,94868,26556,"sellToSystem(coking-coal, 5138.25)",1853796.86,39560.19,1814236.67,22
Бот 3,36,2,94868,26556,"sellToSystem(scrap-metal, 1657.5)",1853796.86,39560.19,1814236.67,22
Бот 3,36,3,94868,26556,"sellToSystem(iron-ore, 7029.5)",1853796.86,39560.19,1814236.67,22
Бот 3,36,4,94868,26556,"setRndCommitment(01M063PFQGJ5D1G7HDAHN3A5TA, 200)",1853796.86,39560.19,1814236.67,22
Бот 3,36,5,94868,26556,"setRndCommitment(01M063PFQGWGQRNWESXAAA4BZT, 200)",1853796.86,39560.19,1814236.67,22
Бот 1,37,1,60324,20171,"sellToSystem(iron-ore, 1081.72)",1083064.23,1211.59,1081852.64,13
Бот 1,37,2,60324,20171,"sellToSystem(coke, 941.16)",1083064.23,1211.59,1081852.64,13
Бот 1,37,3,60324,20171,"sellToSystem(coking-coal, 423.52)",1083064.23,1211.59,1081852.64,13
Бот 1,37,4,60324,20171,"sellToSystem(scrap-metal, 994.5)",1083064.23,1211.59,1081852.64,13
Бот 2,37,1,71805,19983,"sellToSystem(scrap-metal, 1657.5)",1475451.20,1678.18,1473773.03,10
Бот 2,37,2,71805,19983,"sellToSystem(iron-ore, 14059)",1475451.20,1678.18,1473773.03,10
Бот 2,37,3,71805,19983,"sellToSystem(wire-rod, 828.75)",1475451.20,1678.18,1473773.03,10
Бот 2,37,4,71805,19983,setGenerationResearchCommitment(150),1475451.20,1678.18,1473773.03,10
Бот 2,37,5,71805,19983,"setRndCommitment(01M05Z23JCX01D75XYADCEVBMD, 200)",1475451.20,1678.18,1473773.03,10
Бот 3,37,1,90579,26555,"sellToSystem(coke, 2635)",1870605.47,39362.39,1831243.07,22
Бот 3,37,2,90579,26555,"sellToSystem(coking-coal, 1185.75)",1870605.47,39362.39,1831243.07,22
Бот 3,37,3,90579,26555,"sellToSystem(iron-ore, 7029.5)",1870605.47,39362.39,1831243.07,22
Бот 3,37,4,90579,26555,"sellToSystem(scrap-metal, 1657.5)",1870605.47,39362.39,1831243.07,22
Бот 3,37,5,90579,26555,"setRndCommitment(01M0606ZMXCMTEDG767N82P3DG, 200)",1870605.47,39362.39,1831243.07,22
Бот 1,38,1,71123,20727,"sellToSystem(coke, 818.4)",1093748.31,1205.53,1092542.78,13
Бот 1,38,2,71123,20727,"sellToSystem(coking-coal, 368.28)",1093748.31,1205.53,1092542.78,13
Бот 1,38,3,71123,20727,"sellToSystem(fasteners, 1544.4)",1093748.31,1205.53,1092542.78,13
Бот 1,38,4,71123,20727,"sellToSystem(scrap-metal, 229.5)",1093748.31,1205.53,1092542.78,13
Бот 1,38,5,71123,20727,"sellToSystem(wire-rod, 305.28)",1093748.31,1205.53,1092542.78,13
Бот 2,38,1,81563,19996,setGenerationResearchCommitment(150),1512540.64,1669.79,1510870.86,10
Бот 2,38,2,81563,19996,"setRndCommitment(01M05Z23JCX01D75XYADCEVBMD, 200)",1512540.64,1669.79,1510870.86,10
Бот 2,38,3,81563,19996,"setRndCommitment(01M05ZQC8T93HYQTE4F7MQETZB, 200)",1512540.64,1669.79,1510870.86,10
Бот 2,38,4,81563,19996,"setRndCommitment(01M05ZVT4T5HV9RJ6F6DKA10AA, 200)",1512540.64,1669.79,1510870.86,10
Бот 2,38,5,81563,19996,"setRndCommitment(01M061GHCN008MHTAFN3381WNR, 200)",1512540.64,1669.79,1510870.86,10
Бот 3,38,1,85965,26566,"sellToSystem(coke, 2635)",1879410.79,39165.58,1840245.21,22
Бот 3,38,2,85965,26566,"sellToSystem(coking-coal, 1185.75)",1879410.79,39165.58,1840245.21,22
Бот 3,38,3,85965,26566,"sellToSystem(iron-ore, 7029.5)",1879410.79,39165.58,1840245.21,22
Бот 3,38,4,85965,26566,"sellToSystem(scrap-metal, 382.5)",1879410.79,39165.58,1840245.21,22
Бот 3,38,5,85965,26566,"sellToSystem(wire-rod, 637.5)",1879410.79,39165.58,1840245.21,22
Бот 1,39,1,70610,20851,"sellToSystem(fasteners, 1298.7)",1119676.16,1199.50,1118476.66,13
Бот 1,39,2,70610,20851,"sellToSystem(coke, 688.2)",1119676.16,1199.50,1118476.66,13
Бот 1,39,3,70610,20851,"sellToSystem(coking-coal, 309.69)",1119676.16,1199.50,1118476.66,13
Бот 1,39,4,70610,20851,"sellToSystem(scrap-metal, 229.5)",1119676.16,1199.50,1118476.66,13
Бот 1,39,5,70610,20851,"sellToSystem(wire-rod, 317.57)",1119676.16,1199.50,1118476.66,13
Бот 2,39,1,74908,20119,"sellToSystem(coking-coal, 5138.25)",1509913.66,1661.44,1508252.22,10
Бот 2,39,2,74908,20119,"sellToSystem(iron-ore, 14059)",1509913.66,1661.44,1508252.22,10
Бот 2,39,3,74908,20119,"sellToSystem(wire-rod, 1657.5)",1509913.66,1661.44,1508252.22,10
Бот 2,39,4,74908,20119,setGenerationResearchCommitment(150),1509913.66,1661.44,1508252.22,10
Бот 2,39,5,74908,20119,"setRndCommitment(01M05Z23JCX01D75XYADCEVBMD, 200)",1509913.66,1661.44,1508252.22,10
Бот 3,39,1,85370,26507,"sellToSystem(limestone, 2125)",1898216.37,38969.75,1859246.62,22
Бот 3,39,2,85370,26507,"sellToSystem(coke, 2635)",1898216.37,38969.75,1859246.62,22
Бот 3,39,3,85370,26507,"sellToSystem(coking-coal, 1185.75)",1898216.37,38969.75,1859246.62,22
Бот 3,39,4,85370,26507,"sellToSystem(iron-ore, 7029.5)",1898216.37,38969.75,1859246.62,22
Бот 3,39,5,85370,26507,"sellToSystem(scrap-metal, 382.5)",1898216.37,38969.75,1859246.62,22
Бот 1,40,1,71073,20966,"sellToSystem(fasteners, 1038.96)",1141554.47,1193.51,1140360.96,13
Бот 1,40,2,71073,20966,"sellToSystem(coke, 550.56)",1141554.47,1193.51,1140360.96,13
Бот 1,40,3,71073,20966,"sellToSystem(coking-coal, 247.75)",1141554.47,1193.51,1140360.96,13
Бот 1,40,4,71073,20966,"sellToSystem(scrap-metal, 229.5)",1141554.47,1193.51,1140360.96,13
Бот 1,40,5,71073,20966,"sellToSystem(wire-rod, 330.55)",1141554.47,1193.51,1140360.96,13
Бот 2,40,1,70428,20276,"sellToSystem(iron-ore, 7029.5)",1559284.24,1653.13,1557631.11,10
Бот 2,40,2,70428,20276,"sellToSystem(wire-rod, 828.75)",1559284.24,1653.13,1557631.11,10
Бот 2,40,3,70428,20276,"sellToSystem(coke, 2635)",1559284.24,1653.13,1557631.11,10
Бот 2,40,4,70428,20276,"sellToSystem(coking-coal, 1185.75)",1559284.24,1653.13,1557631.11,10
Бот 2,40,5,70428,20276,setGenerationResearchCommitment(150),1559284.24,1653.13,1557631.11,10
Бот 3,40,1,90218,26522,"sellToSystem(iron-ore, 7732.45)",1910573.00,38774.90,1871798.10,22
Бот 3,40,2,90218,26522,"sellToSystem(coke, 2898.5)",1910573.00,38774.90,1871798.10,22
Бот 3,40,3,90218,26522,"sellToSystem(coking-coal, 1304.33)",1910573.00,38774.90,1871798.10,22
Бот 3,40,4,90218,26522,"sellToSystem(wire-rod, 1338.75)",1910573.00,38774.90,1871798.10,22
Бот 3,40,5,90218,26522,"setRndCommitment(01M05Z6BQKCJCQ2SQ21A6CAQKC, 200)",1910573.00,38774.90,1871798.10,22
Бот 1,41,1,70750,21371,"sellToSystem(fasteners, 765.18)",1159151.30,1187.54,1157963.76,13
Бот 1,41,2,70750,21371,"sellToSystem(coke, 405.48)",1159151.30,1187.54,1157963.76,13
Бот 1,41,3,70750,21371,"sellToSystem(coking-coal, 182.47)",1159151.30,1187.54,1157963.76,13
Бот 1,41,4,70750,21371,"sellToSystem(scrap-metal, 229.5)",1159151.30,1187.54,1157963.76,13
Бот 1,41,5,70750,21371,"sellToSystem(wire-rod, 344.24)",1159151.30,1187.54,1157963.76,13
Бот 2,41,1,73713,20714,"sellToSystem(iron-ore, 7029.5)",1593898.99,1644.86,1592254.13,10
Бот 2,41,2,73713,20714,"sellToSystem(wire-rod, 828.75)",1593898.99,1644.86,1592254.13,10
Бот 2,41,3,73713,20714,"sellToSystem(coke, 2635)",1593898.99,1644.86,1592254.13,10
Бот 2,41,4,73713,20714,"sellToSystem(coking-coal, 1185.75)",1593898.99,1644.86,1592254.13,10
Бот 2,41,5,73713,20714,setGenerationResearchCommitment(150),1593898.99,1644.86,1592254.13,10
Бот 3,41,1,88749,26900,"sellToSystem(pig-iron, 4054.5)",1921706.28,38581.03,1883125.25,22
Бот 3,41,2,88749,26900,"sellToSystem(limestone, 3033.65)",1921706.28,38581.03,1883125.25,22
Бот 3,41,3,88749,26900,"sellToSystem(iron-ore, 1245.25)",1921706.28,38581.03,1883125.25,22
Бот 3,41,4,88749,26900,"sellToSystem(coking-coal, 1304.33)",1921706.28,38581.03,1883125.25,22
Бот 3,41,5,88749,26900,"sellToSystem(scrap-metal, 841.5)",1921706.28,38581.03,1883125.25,22
Бот 1,42,1,43512,21509,"sellToSystem(scrap-metal, 229.5)",1172289.86,1181.60,1171108.26,13
Бот 1,42,2,43512,21509,"sellToSystem(wire-rod, 382.5)",1172289.86,1181.60,1171108.26,13
Бот 2,42,1,84194,20998,"setRndCommitment(01M05Z23JCX01D75XYADCEVBMD, 200)",1628625.18,1636.64,1626988.54,10
Бот 2,42,2,84194,20998,"setRndCommitment(01M05ZQC8T93HYQTE4F7MQETZB, 200)",1628625.18,1636.64,1626988.54,10
Бот 2,42,3,84194,20998,"setRndCommitment(01M05ZVT4T5HV9RJ6F6DKA10AA, 200)",1628625.18,1636.64,1626988.54,10
Бот 2,42,4,84194,20998,"setRndCommitment(01M061GHCN008MHTAFN3381WNR, 200)",1628625.18,1636.64,1626988.54,10
Бот 2,42,5,84194,20998,setGenerationResearchCommitment(150),1628625.18,1636.64,1626988.54,10
Бот 3,42,1,87854,26807,"sellToSystem(pig-iron, 3549.6)",1945129.23,38388.12,1906741.11,22
Бот 3,42,2,87854,26807,"sellToSystem(limestone, 908.65)",1945129.23,38388.12,1906741.11,22
Бот 3,42,3,87854,26807,"sellToSystem(iron-ore, 1245.25)",1945129.23,38388.12,1906741.11,22
Бот 3,42,4,87854,26807,"sellToSystem(coking-coal, 1304.33)",1945129.23,38388.12,1906741.11,22
Бот 3,42,5,87854,26807,"sellToSystem(scrap-metal, 420.75)",1945129.23,38388.12,1906741.11,22
Бот 1,43,1,43555,21454,"sellToSystem(scrap-metal, 229.5)",1172899.35,1175.69,1171723.66,13
Бот 1,43,2,43555,21454,"sellToSystem(wire-rod, 382.5)",1172899.35,1175.69,1171723.66,13
Бот 2,43,1,75178,21267,"sellToSystem(iron-ore, 8112.4)",1624669.09,1628.46,1623040.64,10
Бот 2,43,2,75178,21267,"sellToSystem(wire-rod, 1657.5)",1624669.09,1628.46,1623040.64,10
Бот 2,43,3,75178,21267,"sellToSystem(coke, 3040.03)",1624669.09,1628.46,1623040.64,10
Бот 2,43,4,75178,21267,"sellToSystem(coking-coal, 2371.5)",1624669.09,1628.46,1623040.64,10
Бот 2,43,5,75178,21267,setGenerationResearchCommitment(150),1624669.09,1628.46,1623040.64,10
Бот 3,43,1,86246,26701,"sellToSystem(pig-iron, 3549.6)",1960167.86,38196.18,1921971.67,22
Бот 3,43,2,86246,26701,"sellToSystem(limestone, 908.65)",1960167.86,38196.18,1921971.67,22
Бот 3,43,3,86246,26701,"sellToSystem(iron-ore, 1245.25)",1960167.86,38196.18,1921971.67,22
Бот 3,43,4,86246,26701,"sellToSystem(coking-coal, 1304.33)",1960167.86,38196.18,1921971.67,22
Бот 3,43,5,86246,26701,"sellToSystem(scrap-metal, 420.75)",1960167.86,38196.18,1921971.67,22
Бот 1,44,1,43149,21403,"sellToSystem(scrap-metal, 213.12)",1173489.59,1169.81,1172319.78,13
Бот 1,44,2,43149,21403,"sellToSystem(wire-rod, 382.5)",1173489.59,1169.81,1172319.78,13
Бот 2,44,1,74146,21289,"sellToSystem(fasteners, 5469.75)",1668947.20,1620.31,1667326.89,10
Бот 2,44,2,74146,21289,"sellToSystem(pig-iron, 5225.93)",1668947.20,1620.31,1667326.89,10
Бот 2,44,3,74146,21289,"sellToSystem(crude-steel, 1706.96)",1668947.20,1620.31,1667326.89,10
Бот 2,44,4,74146,21289,"sellToSystem(cast-iron, 299.7)",1668947.20,1620.31,1667326.89,10
Бот 2,44,5,74146,21289,setGenerationResearchCommitment(150),1668947.20,1620.31,1667326.89,10
Бот 3,44,1,89098,26562,"sellToSystem(fasteners, 10939.5)",1971013.30,38005.20,1933008.10,22
Бот 3,44,2,89098,26562,"sellToSystem(engine-block-finished, 151.58)",1971013.30,38005.20,1933008.10,22
Бот 3,44,3,89098,26562,"sellToSystem(heat-treated-castings, 114.07)",1971013.30,38005.20,1933008.10,22
Бот 3,44,4,89098,26562,"sellToSystem(cast-iron, 903.24)",1971013.30,38005.20,1933008.10,22
Бот 3,44,5,89098,26562,"sellToSystem(coke, 1863.2)",1971013.30,38005.20,1933008.10,22
Бот 1,45,1,42713,21407,"sellToSystem(scrap-metal, 192.06)",1174007.05,1163.97,1172843.09,13
Бот 1,45,2,42713,21407,"sellToSystem(wire-rod, 382.5)",1174007.05,1163.97,1172843.09,13
Бот 2,45,1,72817,21248,"sellToSystem(fasteners, 5469.75)",1770353.48,1612.21,1768741.27,10
Бот 2,45,2,72817,21248,"sellToSystem(pig-iron, 2994.11)",1770353.48,1612.21,1768741.27,10
Бот 2,45,3,72817,21248,"sellToSystem(crude-steel, 558.73)",1770353.48,1612.21,1768741.27,10
Бот 2,45,4,72817,21248,"sellToSystem(cast-iron, 98.1)",1770353.48,1612.21,1768741.27,10
Бот 2,45,5,72817,21248,setGenerationResearchCommitment(150),1770353.48,1612.21,1768741.27,10
Бот 3,45,1,85593,26479,"sellToSystem(fasteners, 5469.75)",2072037.22,37815.18,2034222.04,22
Бот 3,45,2,85593,26479,"sellToSystem(engine-block-finished, 41.02)",2072037.22,37815.18,2034222.04,22
Бот 3,45,3,85593,26479,"sellToSystem(heat-treated-castings, 29.52)",2072037.22,37815.18,2034222.04,22
Бот 3,45,4,85593,26479,"sellToSystem(cast-iron, 352.44)",2072037.22,37815.18,2034222.04,22
Бот 3,45,5,85593,26479,"sellToSystem(coke, 465.8)",2072037.22,37815.18,2034222.04,22
Бот 1,46,1,43907,21526,"sellToSystem(scrap-metal, 166.32)",1174481.68,1158.15,1173323.53,13
Бот 1,46,2,43907,21526,"sellToSystem(wire-rod, 382.5)",1174481.68,1158.15,1173323.53,13
Бот 2,46,1,71807,21545,"sellToSystem(fasteners, 5469.75)",1844210.89,1604.15,1842606.74,10
Бот 2,46,2,71807,21545,"sellToSystem(pig-iron, 3716.63)",1844210.89,1604.15,1842606.74,10
Бот 2,46,3,71807,21545,"sellToSystem(wire-rod, 1568.29)",1844210.89,1604.15,1842606.74,10
Бот 2,46,4,71807,21545,"sellToSystem(iron-ore, 2421.7)",1844210.89,1604.15,1842606.74,10
Бот 2,46,5,71807,21545,setGenerationResearchCommitment(150),1844210.89,1604.15,1842606.74,10
Бот 3,46,1,86635,26988,"sellToSystem(fasteners, 5967)",2108309.99,37626.10,2070683.89,22
Бот 3,46,2,86635,26988,"sellToSystem(engine-block-finished, 33.3)",2108309.99,37626.10,2070683.89,22
Бот 3,46,3,86635,26988,"sellToSystem(heat-treated-castings, 24.83)",2108309.99,37626.10,2070683.89,22
Бот 3,46,4,86635,26988,"sellToSystem(cast-iron, 380.52)",2108309.99,37626.10,2070683.89,22
Бот 3,46,5,86635,26988,"sellToSystem(coke, 215.34)",2108309.99,37626.10,2070683.89,22
Бот 1,47,1,53986,21404,"sellToSystem(scrap-metal, 148.5)",1174430.31,1152.35,1173277.96,13
Бот 1,47,2,53986,21404,"sellToSystem(wire-rod, 376.2)",1174430.31,1152.35,1173277.96,13
Бот 1,47,3,53986,21404,"sellToSystem(iron-ore, 8435.4)",1174430.31,1152.35,1173277.96,13
Бот 2,47,1,72178,21446,"sellToSystem(fasteners, 5469.75)",1924193.86,1596.13,1922597.73,10
Бот 2,47,2,72178,21446,"sellToSystem(pig-iron, 3716.63)",1924193.86,1596.13,1922597.73,10
Бот 2,47,3,72178,21446,"sellToSystem(wire-rod, 477.26)",1924193.86,1596.13,1922597.73,10
Бот 2,47,4,72178,21446,"sellToSystem(iron-ore, 421.3)",1924193.86,1596.13,1922597.73,10
Бот 2,47,5,72178,21446,setGenerationResearchCommitment(150),1924193.86,1596.13,1922597.73,10
Бот 3,47,1,86380,27005,"sellToSystem(fasteners, 5967)",2145458.00,37437.97,2108020.03,22
Бот 3,47,2,86380,27005,"sellToSystem(engine-block-finished, 29.06)",2145458.00,37437.97,2108020.03,22
Бот 3,47,3,86380,27005,"sellToSystem(heat-treated-castings, 16.93)",2145458.00,37437.97,2108020.03,22
Бот 3,47,4,86380,27005,"sellToSystem(cast-iron, 459)",2145458.00,37437.97,2108020.03,22
Бот 3,47,5,86380,27005,"sellToSystem(coke, 153.96)",2145458.00,37437.97,2108020.03,22
Бот 1,48,1,53577,21336,"sellToSystem(iron-ore, 4217.7)",1195627.82,1146.59,1194481.23,13
Бот 1,48,2,53577,21336,"sellToSystem(scrap-metal, 129.6)",1195627.82,1146.59,1194481.23,13
Бот 1,48,3,53577,21336,"sellToSystem(wire-rod, 368.1)",1195627.82,1146.59,1194481.23,13
Бот 2,48,1,72370,21439,"sellToSystem(fasteners, 5469.75)",1992796.66,1588.15,1991208.51,10
Бот 2,48,2,72370,21439,"sellToSystem(pig-iron, 3716.63)",1992796.66,1588.15,1991208.51,10
Бот 2,48,3,72370,21439,"sellToSystem(wire-rod, 448.02)",1992796.66,1588.15,1991208.51,10
Бот 2,48,4,72370,21439,"sellToSystem(iron-ore, 173.2)",1992796.66,1588.15,1991208.51,10
Бот 2,48,5,72370,21439,setGenerationResearchCommitment(150),1992796.66,1588.15,1991208.51,10
Бот 3,48,1,72808,27008,"sellToSystem(fasteners, 5967)",2181719.85,37250.78,2144469.07,22
Бот 3,48,2,72808,27008,"sellToSystem(engine-block-finished, 21.41)",2181719.85,37250.78,2144469.07,22
Бот 3,48,3,72808,27008,"sellToSystem(heat-treated-castings, 3.1)",2181719.85,37250.78,2144469.07,22
Бот 3,48,4,72808,27008,"sellToSystem(cast-iron, 459)",2181719.85,37250.78,2144469.07,22
Бот 3,48,5,72808,27008,"sellToSystem(coke, 78.94)",2181719.85,37250.78,2144469.07,22
Бот 1,49,1,85554,21279,"sellToSystem(iron-ore, 4217.7)",1209741.83,1140.86,1208600.97,13
Бот 1,49,2,85554,21279,"sellToSystem(scrap-metal, 109.62)",1209741.83,1140.86,1208600.97,13
Бот 1,49,3,85554,21279,"sellToSystem(wire-rod, 358.2)",1209741.83,1140.86,1208600.97,13
Бот 2,49,1,73665,21358,"sellToSystem(fasteners, 5967)",2060555.43,1580.21,2058975.22,10
Бот 2,49,2,73665,21358,"sellToSystem(pig-iron, 3649.14)",2060555.43,1580.21,2058975.22,10
Бот 2,49,3,73665,21358,"sellToSystem(coking-coal, 6901.53)",2060555.43,1580.21,2058975.22,10
Бот 2,49,4,73665,21358,"sellToSystem(coke, 2427.24)",2060555.43,1580.21,2058975.22,10
Бот 2,49,5,73665,21358,setGenerationResearchCommitment(150),2060555.43,1580.21,2058975.22,10
Бот 3,49,1,90287,27035,"sellToSystem(billet, 4337.13)",2214370.74,37064.53,2177306.22,22
Бот 3,49,2,90287,27035,"sellToSystem(crude-steel, 6719.87)",2214370.74,37064.53,2177306.22,22
Бот 3,49,3,90287,27035,"sellToSystem(pig-iron, 6075.91)",2214370.74,37064.53,2177306.22,22
Бот 3,49,4,90287,27035,"sellToSystem(fasteners, 5967)",2214370.74,37064.53,2177306.22,22
Бот 3,49,5,90287,27035,"sellToSystem(wire-rod, 4214.89)",2214370.74,37064.53,2177306.22,22
Бот 1,50,1,71054,21143,"sellToSystem(iron-ore, 4217.7)",1223690.90,1135.16,1222555.75,13
Бот 1,50,2,71054,21143,"sellToSystem(scrap-metal, 88.56)",1223690.90,1135.16,1222555.75,13
Бот 1,50,3,71054,21143,"sellToSystem(wire-rod, 197.33)",1223690.90,1135.16,1222555.75,13
Бот 1,50,4,71054,21143,"sellToSystem(coke, 1581)",1223690.90,1135.16,1222555.75,13
Бот 1,50,5,71054,21143,"sellToSystem(coking-coal, 711.45)",1223690.90,1135.16,1222555.75,13
Бот 2,50,1,71816,21329,"sellToSystem(fasteners, 5967)",2156714.36,1572.31,2155142.05,10
Бот 2,50,2,71816,21329,"sellToSystem(pig-iron, 3452.73)",2156714.36,1572.31,2155142.05,10
Бот 2,50,3,71816,21329,"sellToSystem(wire-rod, 742.95)",2156714.36,1572.31,2155142.05,10
Бот 2,50,4,71816,21329,"sellToSystem(limestone, 12394.52)",2156714.36,1572.31,2155142.05,10
Бот 2,50,5,71816,21329,setGenerationResearchCommitment(150),2156714.36,1572.31,2155142.05,10
Бот 3,50,1,88187,27067,"sellToSystem(fasteners, 5967)",2437340.16,36879.20,2400460.95,22
Бот 3,50,2,88187,27067,"sellToSystem(hot-rolled-sheet, 2040)",2437340.16,36879.20,2400460.95,22
Бот 3,50,3,88187,27067,"sellToSystem(slab, 1351.5)",2437340.16,36879.20,2400460.95,22
Бот 3,50,4,88187,27067,"sellToSystem(crude-steel, 743.24)",2437340.16,36879.20,2400460.95,22
Бот 3,50,5,88187,27067,"sellToSystem(pig-iron, 983.02)",2437340.16,36879.20,2400460.95,22
Бот 1,51,1,73248,21367,"sellToSystem(fasteners, 5967)",1246795.95,1129.48,1245666.47,13
Бот 1,51,2,73248,21367,"sellToSystem(iron-ore, 4217.7)",1246795.95,1129.48,1245666.47,13
Бот 1,51,3,73248,21367,"sellToSystem(coke, 1581)",1246795.95,1129.48,1245666.47,13
Бот 1,51,4,73248,21367,"sellToSystem(coking-coal, 711.45)",1246795.95,1129.48,1245666.47,13
Бот 1,51,5,73248,21367,"sellToSystem(scrap-metal, 66.42)",1246795.95,1129.48,1245666.47,13
Бот 2,51,1,74492,21618,"sellToSystem(fasteners, 5967)",2253113.98,1564.45,2251549.53,10
Бот 2,51,2,74492,21618,"sellToSystem(pig-iron, 3235.64)",2253113.98,1564.45,2251549.53,10
Бот 2,51,3,74492,21618,"sellToSystem(coking-coal, 1961.37)",2253113.98,1564.45,2251549.53,10
Бот 2,51,4,74492,21618,"sellToSystem(limestone, 1074.31)",2253113.98,1564.45,2251549.53,10
Бот 2,51,5,74492,21618,setGenerationResearchCommitment(150),2253113.98,1564.45,2251549.53,10
Бот 3,51,1,91288,27579,"sellToSystem(fasteners, 5967)",2571885.95,36694.81,2535191.14,22
Бот 3,51,2,91288,27579,"sellToSystem(coking-coal, 7178.76)",2571885.95,36694.81,2535191.14,22
Бот 3,51,3,91288,27579,"sellToSystem(limestone, 6287.2)",2571885.95,36694.81,2535191.14,22
Бот 3,51,4,91288,27579,"sellToSystem(iron-ore, 2657.21)",2571885.95,36694.81,2535191.14,22
Бот 3,51,5,91288,27579,"sellToSystem(scrap-metal, 2068.53)",2571885.95,36694.81,2535191.14,22
Бот 1,52,1,71744,21361,"sellToSystem(fasteners, 2983.5)",1319678.85,1123.83,1318555.01,13
Бот 1,52,2,71744,21361,"sellToSystem(iron-ore, 4217.7)",1319678.85,1123.83,1318555.01,13
Бот 1,52,3,71744,21361,"sellToSystem(coke, 1581)",1319678.85,1123.83,1318555.01,13
Бот 1,52,4,71744,21361,"sellToSystem(coking-coal, 711.45)",1319678.85,1123.83,1318555.01,13
Бот 1,52,5,71744,21361,"sellToSystem(scrap-metal, 43.2)",1319678.85,1123.83,1318555.01,13
Бот 2,52,1,74406,21548,"sellToSystem(fasteners, 5967)",2318784.39,1556.63,2317227.76,10
Бот 2,52,2,74406,21548,"sellToSystem(pig-iron, 2997.88)",2318784.39,1556.63,2317227.76,10
Бот 2,52,3,74406,21548,"sellToSystem(coke, 1578.66)",2318784.39,1556.63,2317227.76,10
Бот 2,52,4,74406,21548,"sellToSystem(limestone, 1090.64)",2318784.39,1556.63,2317227.76,10
Бот 2,52,5,74406,21548,setGenerationResearchCommitment(150),2318784.39,1556.63,2317227.76,10
Бот 3,52,1,92709,27585,"sellToSystem(fasteners, 5868.72)",2629867.32,36511.33,2593355.98,22
Бот 3,52,2,92709,27585,"sellToSystem(cast-iron, 1811.16)",2629867.32,36511.33,2593355.98,22
Бот 3,52,3,92709,27585,"sellToSystem(crude-steel, 1486.48)",2629867.32,36511.33,2593355.98,22
Бот 3,52,4,92709,27585,"sellToSystem(pig-iron, 1463.07)",2629867.32,36511.33,2593355.98,22
Бот 3,52,5,92709,27585,"sellToSystem(forging-bar, 3060)",2629867.32,36511.33,2593355.98,22
Бот 1,53,1,72063,21454,"sellToSystem(iron-ore, 4217.7)",1373043.68,1118.21,1371925.47,13
Бот 1,53,2,72063,21454,"sellToSystem(coke, 1581)",1373043.68,1118.21,1371925.47,13
Бот 1,53,3,72063,21454,"sellToSystem(coking-coal, 711.45)",1373043.68,1118.21,1371925.47,13
Бот 1,53,4,72063,21454,"sellToSystem(fasteners, 2983.5)",1373043.68,1118.21,1371925.47,13
Бот 1,53,5,72063,21454,"sellToSystem(scrap-metal, 18.9)",1373043.68,1118.21,1371925.47,13
Бот 2,53,1,73645,21523,"sellToSystem(fasteners, 5868.72)",2380526.85,1548.84,2378978.01,10
Бот 2,53,2,73645,21523,"sellToSystem(pig-iron, 2739.44)",2380526.85,1548.84,2378978.01,10
Бот 2,53,3,73645,21523,"sellToSystem(coking-coal, 1719.57)",2380526.85,1548.84,2378978.01,10
Бот 2,53,4,73645,21523,"sellToSystem(wire-rod, 802.46)",2380526.85,1548.84,2378978.01,10
Бот 2,53,5,73645,21523,setGenerationResearchCommitment(150),2380526.85,1548.84,2378978.01,10
Бот 3,53,1,89792,27620,"sellToSystem(fasteners, 5742.36)",2802911.85,36328.78,2766583.08,22
Бот 3,53,2,89792,27620,"sellToSystem(hot-rolled-sheet, 1530)",2802911.85,36328.78,2766583.08,22
Бот 3,53,3,89792,27620,"sellToSystem(billet, 969)",2802911.85,36328.78,2766583.08,22
Бот 3,53,4,89792,27620,"sellToSystem(wire-rod, 1418.35)",2802911.85,36328.78,2766583.08,22
Бот 3,53,5,89792,27620,"sellToSystem(limestone, 1370.94)",2802911.85,36328.78,2766583.08,22
Бот 1,54,1,73099,21600,"sellToSystem(iron-ore, 4217.7)",1426177.95,1112.62,1425065.32,13
Бот 1,54,2,73099,21600,"sellToSystem(fasteners, 2983.5)",1426177.95,1112.62,1425065.32,13
Бот 1,54,3,73099,21600,"sellToSystem(coke, 1581)",1426177.95,1112.62,1425065.32,13
Бот 1,54,4,73099,21600,"sellToSystem(coking-coal, 711.45)",1426177.95,1112.62,1425065.32,13
Бот 1,54,5,73099,21600,"sellToSystem(wire-rod, 633.06)",1426177.95,1112.62,1425065.32,13
Бот 2,54,1,73858,21446,"sellToSystem(fasteners, 5742.36)",2444228.70,1541.10,2442687.60,10
Бот 2,54,2,73858,21446,"sellToSystem(pig-iron, 809.41)",2444228.70,1541.10,2442687.60,10
Бот 2,54,3,73858,21446,"sellToSystem(crude-steel, 1118.33)",2444228.70,1541.10,2442687.60,10
Бот 2,54,4,73858,21446,"sellToSystem(cast-iron, 382.5)",2444228.70,1541.10,2442687.60,10
Бот 2,54,5,73858,21446,setGenerationResearchCommitment(150),2444228.70,1541.10,2442687.60,10
Бот 3,54,1,90779,27628,"sellToSystem(fasteners, 5587.92)",2907026.17,36147.13,2870879.04,22
Бот 3,54,2,90779,27628,"sellToSystem(cast-iron, 916.11)",2907026.17,36147.13,2870879.04,22
Бот 3,54,3,90779,27628,"sellToSystem(coke, 761.65)",2907026.17,36147.13,2870879.04,22
Бот 3,54,4,90779,27628,"sellToSystem(coking-coal, 1047.93)",2907026.17,36147.13,2870879.04,22
Бот 3,54,5,90779,27628,"sellToSystem(crude-steel, 1365.23)",2907026.17,36147.13,2870879.04,22
Бот 1,55,1,76139,21786,"sellToSystem(iron-ore, 4148.23)",1483360.99,1107.06,1482253.93,13
Бот 1,55,2,76139,21786,"sellToSystem(fasteners, 2983.5)",1483360.99,1107.06,1482253.93,13
Бот 1,55,3,76139,21786,"sellToSystem(coke, 1581)",1483360.99,1107.06,1482253.93,13
Бот 1,55,4,76139,21786,"sellToSystem(coking-coal, 711.45)",1483360.99,1107.06,1482253.93,13
Бот 1,55,5,76139,21786,"sellToSystem(wire-rod, 95.36)",1483360.99,1107.06,1482253.93,13
Бот 2,55,1,73111,21445,"sellToSystem(fasteners, 5587.92)",2510667.29,1533.39,2509133.89,10
Бот 2,55,2,73111,21445,"sellToSystem(pig-iron, 659.52)",2510667.29,1533.39,2509133.89,10
Бот 2,55,3,73111,21445,"sellToSystem(crude-steel, 982.07)",2510667.29,1533.39,2509133.89,10
Бот 2,55,4,73111,21445,"sellToSystem(cast-iron, 382.5)",2510667.29,1533.39,2509133.89,10
Бот 2,55,5,73111,21445,setGenerationResearchCommitment(150),2510667.29,1533.39,2509133.89,10
Бот 3,55,1,90480,27768,"sellToSystem(fasteners, 5405.4)",2956781.44,35966.40,2920815.04,22
Бот 3,55,2,90480,27768,"sellToSystem(forging-bar, 1705.95)",2956781.44,35966.40,2920815.04,22
Бот 3,55,3,90480,27768,"sellToSystem(limestone, 1363.09)",2956781.44,35966.40,2920815.04,22
Бот 3,55,4,90480,27768,"sellToSystem(slab, 804.49)",2956781.44,35966.40,2920815.04,22
Бот 3,55,5,90480,27768,"sellToSystem(crude-steel, 633.09)",2956781.44,35966.40,2920815.04,22
Бот 1,56,1,77165,22262,"sellToSystem(iron-ore, 4058.92)",1536996.45,1101.52,1535894.92,13
Бот 1,56,2,77165,22262,"sellToSystem(fasteners, 2983.5)",1536996.45,1101.52,1535894.92,13
Бот 1,56,3,77165,22262,"sellToSystem(coke, 1581)",1536996.45,1101.52,1535894.92,13
Бот 1,56,4,77165,22262,"sellToSystem(coking-coal, 711.45)",1536996.45,1101.52,1535894.92,13
Бот 1,56,5,77165,22262,"sellToSystem(wire-rod, 59.09)",1536996.45,1101.52,1535894.92,13
Бот 2,56,1,73509,21762,"sellToSystem(fasteners, 5405.4)",2573498.22,1525.73,2571972.50,10
Бот 2,56,2,73509,21762,"sellToSystem(pig-iron, 499.29)",2573498.22,1525.73,2571972.50,10
Бот 2,56,3,73509,21762,"sellToSystem(crude-steel, 836.4)",2573498.22,1525.73,2571972.50,10
Бот 2,56,4,73509,21762,"sellToSystem(cast-iron, 382.5)",2573498.22,1525.73,2571972.50,10
Бот 2,56,5,73509,21762,setGenerationResearchCommitment(150),2573498.22,1525.73,2571972.50,10
Бот 3,56,1,93460,28322,"sellToSystem(fasteners, 5194.8)",3063260.15,35786.57,3027473.58,22
Бот 3,56,2,93460,28322,"sellToSystem(engine-block-castings, 552.5)",3063260.15,35786.57,3027473.58,22
Бот 3,56,3,93460,28322,"sellToSystem(forged-blanks, 822.74)",3063260.15,35786.57,3027473.58,22
Бот 3,56,4,93460,28322,"sellToSystem(cold-rolled-sheet, 547.31)",3063260.15,35786.57,3027473.58,22
Бот 3,56,5,93460,28322,"sellToSystem(hot-rolled-sheet, 736.2)",3063260.15,35786.57,3027473.58,22
Бот 1,57,1,77321,22405,"sellToSystem(iron-ore, 3949.75)",1590261.87,1096.02,1589165.85,13
Бот 1,57,2,77321,22405,"sellToSystem(fasteners, 2983.5)",1590261.87,1096.02,1589165.85,13
Бот 1,57,3,77321,22405,"sellToSystem(coke, 1581)",1590261.87,1096.02,1589165.85,13
Бот 1,57,4,77321,22405,"sellToSystem(coking-coal, 711.45)",1590261.87,1096.02,1589165.85,13
Бот 1,57,5,77321,22405,"sellToSystem(wire-rod, 20.48)",1590261.87,1096.02,1589165.85,13
Бот 2,57,1,74124,21781,"sellToSystem(fasteners, 5194.8)",2631866.20,1518.10,2630348.11,10
Бот 2,57,2,74124,21781,"sellToSystem(crude-steel, 681.34)",2631866.20,1518.10,2630348.11,10
Бот 2,57,3,74124,21781,"sellToSystem(cast-iron, 382.5)",2631866.20,1518.10,2630348.11,10
Бот 2,57,4,74124,21781,"sellToSystem(pig-iron, 328.72)",2631866.20,1518.10,2630348.11,10
Бот 2,57,5,74124,21781,setGenerationResearchCommitment(150),2631866.20,1518.10,2630348.11,10
Бот 3,57,1,92244,28365,"sellToSystem(fasteners, 4956.12)",3210959.82,35607.63,3175352.18,22
Бот 3,57,2,92244,28365,"sellToSystem(forged-blanks, 535.5)",3210959.82,35607.63,3175352.18,22
Бот 3,57,3,92244,28365,"sellToSystem(cold-rolled-sheet, 357)",3210959.82,35607.63,3175352.18,22
Бот 3,57,4,92244,28365,"sellToSystem(limestone, 1334.78)",3210959.82,35607.63,3175352.18,22
Бот 3,57,5,92244,28365,"sellToSystem(wire-rod, 806.69)",3210959.82,35607.63,3175352.18,22
Бот 1,58,1,67108,22541,"sellToSystem(iron-ore, 3820.74)",1642812.45,1090.54,1641721.92,13
Бот 1,58,2,67108,22541,"sellToSystem(fasteners, 2574)",1642812.45,1090.54,1641721.92,13
Бот 1,58,3,67108,22541,"sellToSystem(coke, 1581)",1642812.45,1090.54,1641721.92,13
Бот 1,58,4,67108,22541,"sellToSystem(coking-coal, 711.45)",1642812.45,1090.54,1641721.92,13
Бот 2,58,1,75247,21781,"sellToSystem(fasteners, 4956.12)",2685403.19,1510.51,2683892.69,10
Бот 2,58,2,75247,21781,"sellToSystem(crude-steel, 516.88)",2685403.19,1510.51,2683892.69,10
Бот 2,58,3,75247,21781,"sellToSystem(cast-iron, 382.5)",2685403.19,1510.51,2683892.69,10
Бот 2,58,4,75247,21781,"sellToSystem(pig-iron, 147.81)",2685403.19,1510.51,2683892.69,10
Бот 2,58,5,75247,21781,setGenerationResearchCommitment(150),2685403.19,1510.51,2683892.69,10
Бот 3,58,1,115522,28347,"setOverhaulRequested(01M05YXNM0D3HW62P9TKK8RV6V, True)",3296964.52,35429.59,3261534.92,22
Бот 3,58,2,115522,28347,"setOverhaulRequested(01M05YXNM075A9T5XZVXM028EH, True)",3296964.52,35429.59,3261534.92,22
Бот 3,58,3,115522,28347,"setOverhaulRequested(01M05Z0HC7QSZPX68YVDCGPDCZ, True)",3296964.52,35429.59,3261534.92,22
Бот 3,58,4,115522,28347,"setOverhaulRequested(01M05Z31C01TJHZP75JCCVSAVA, True)",3296964.52,35429.59,3261534.92,22
Бот 3,58,5,115522,28347,"setOverhaulRequested(01M05Z6BQKCJCQ2SQ21A6CAQKC, True)",3296964.52,35429.59,3261534.92,22
Бот 1,59,1,57719,22626,"sellToSystem(iron-ore, 3671.88)",1692268.99,1085.08,1691183.91,13
Бот 1,59,2,57719,22626,"sellToSystem(coke, 1554.96)",1692268.99,1085.08,1691183.91,13
Бот 1,59,3,57719,22626,"sellToSystem(coking-coal, 699.73)",1692268.99,1085.08,1691183.91,13
Бот 2,59,1,74986,21801,"sellToSystem(fasteners, 4689.36)",2733882.41,1502.95,2732379.46,10
Бот 2,59,2,74986,21801,"sellToSystem(coke, 6308.74)",2733882.41,1502.95,2732379.46,10
Бот 2,59,3,74986,21801,"sellToSystem(coking-coal, 3261.51)",2733882.41,1502.95,2732379.46,10
Бот 2,59,4,74986,21801,"sellToSystem(limestone, 7999.07)",2733882.41,1502.95,2732379.46,10
Бот 2,59,5,74986,21801,setGenerationResearchCommitment(150),2733882.41,1502.95,2732379.46,10
Бот 3,59,1,94103,28610,"sellToSystem(fasteners, 9083.88)",3278862.52,35252.45,3243610.07,22
Бот 3,59,2,94103,28610,"sellToSystem(forged-blanks, 1071)",3278862.52,35252.45,3243610.07,22
Бот 3,59,3,94103,28610,"sellToSystem(cold-rolled-sheet, 714)",3278862.52,35252.45,3243610.07,22
Бот 3,59,4,94103,28610,"sellToSystem(forging-bar, 662.4)",3278862.52,35252.45,3243610.07,22
Бот 3,59,5,94103,28610,"sellToSystem(crude-steel, 553.83)",3278862.52,35252.45,3243610.07,22
Бот 1,60,1,57990,22634,"sellToSystem(iron-ore, 3503.17)",1712405.42,1079.66,1711325.76,13
Бот 1,60,2,57990,22634,"sellToSystem(coke, 1521.48)",1712405.42,1079.66,1711325.76,13
Бот 1,60,3,57990,22634,"sellToSystem(coking-coal, 684.67)",1712405.42,1079.66,1711325.76,13
Бот 2,60,1,73164,21746,"sellToSystem(fasteners, 2744.12)",2818487.99,1495.44,2816992.55,10
Бот 2,60,2,73164,21746,"sellToSystem(coke, 1295.8)",2818487.99,1495.44,2816992.55,10
Бот 2,60,3,73164,21746,"sellToSystem(limestone, 1190)",2818487.99,1495.44,2816992.55,10
Бот 2,60,4,73164,21746,"sellToSystem(coking-coal, 208.32)",2818487.99,1495.44,2816992.55,10
Бот 2,60,5,73164,21746,setGenerationResearchCommitment(150),2818487.99,1495.44,2816992.55,10
Бот 3,60,1,92230,28635,"sellToSystem(fasteners, 4410.9)",3470447.80,35076.18,3435371.61,22
Бот 3,60,2,92230,28635,"sellToSystem(wire-rod, 518.66)",3470447.80,35076.18,3435371.61,22
Бот 3,60,3,92230,28635,"sellToSystem(billet, 524.12)",3470447.80,35076.18,3435371.61,22
Бот 3,60,4,92230,28635,"sellToSystem(slab, 592.9)",3470447.80,35076.18,3435371.61,22
Бот 3,60,5,92230,28635,"sellToSystem(pig-iron, 536.34)",3470447.80,35076.18,3435371.61,22
Бот 1,61,1,58407,22823,"sellToSystem(iron-ore, 3314.62)",1731837.32,1074.26,1730763.06,13
Бот 1,61,2,58407,22823,"sellToSystem(coke, 1480.56)",1731837.32,1074.26,1730763.06,13
Бот 1,61,3,58407,22823,"sellToSystem(coking-coal, 666.25)",1731837.32,1074.26,1730763.06,13
Бот 2,61,1,64095,22005,"sellToSystem(coke, 1103.6)",2854606.26,1487.96,2853118.30,10
Бот 2,61,2,64095,22005,"sellToSystem(limestone, 1045)",2854606.26,1487.96,2853118.30,10
Бот 2,61,3,64095,22005,"sellToSystem(coking-coal, 97.65)",2854606.26,1487.96,2853118.30,10
Бот 2,61,4,64095,22005,setGenerationResearchCommitment(150),2854606.26,1487.96,2853118.30,10
Бот 3,61,1,95291,29208,"sellToSystem(fasteners, 4030.65)",3521054.29,34900.80,3486153.48,22
Бот 3,61,2,95291,29208,"sellToSystem(forged-blanks, 1071)",3521054.29,34900.80,3486153.48,22
Бот 3,61,3,95291,29208,"sellToSystem(cold-rolled-sheet, 714)",3521054.29,34900.80,3486153.48,22
Бот 3,61,4,95291,29208,"sellToSystem(pig-iron, 773.7)",3521054.29,34900.80,3486153.48,22
Бот 3,61,5,95291,29208,"sellToSystem(coke, 2021.07)",3521054.29,34900.80,3486153.48,22
Бот 1,62,1,57590,22759,"sellToSystem(iron-ore, 3106.21)",1750466.99,1068.89,1749398.10,13
Бот 1,62,2,57590,22759,"sellToSystem(coke, 1432.2)",1750466.99,1068.89,1749398.10,13
Бот 1,62,3,57590,22759,"sellToSystem(coking-coal, 644.49)",1750466.99,1068.89,1749398.10,13
Бот 2,62,1,53046,21916,"sellToSystem(coke, 886.6)",2859617.16,1480.52,2858136.64,10
Бот 2,62,2,53046,21916,"sellToSystem(limestone, 890)",2859617.16,1480.52,2858136.64,10
Бот 2,62,3,53046,21916,setGenerationResearchCommitment(150),2859617.16,1480.52,2858136.64,10
Бот 3,62,1,95591,29157,"sellToSystem(fasteners, 3619.98)",3670038.22,34726.30,3635311.92,22
Бот 3,62,2,95591,29157,"sellToSystem(engine-block-castings, 629.34)",3670038.22,34726.30,3635311.92,22
Бот 3,62,3,95591,29157,"sellToSystem(forged-blanks, 461.11)",3670038.22,34726.30,3635311.92,22
Бот 3,62,4,95591,29157,"sellToSystem(cold-rolled-sheet, 357)",3670038.22,34726.30,3635311.92,22
Бот 3,62,5,95591,29157,"sellToSystem(limestone, 1178.27)",3670038.22,34726.30,3635311.92,22
Бот 1,63,1,58259,22683,"sellToSystem(iron-ore, 2877.96)",1768230.19,1063.54,1767166.65,13
Бот 1,63,2,58259,22683,"sellToSystem(coke, 1376.4)",1768230.19,1063.54,1767166.65,13
Бот 1,63,3,58259,22683,"sellToSystem(coking-coal, 619.38)",1768230.19,1063.54,1767166.65,13
Бот 2,63,1,43488,21783,"sellToSystem(limestone, 725)",2863339.93,1473.12,2861866.81,10
Бот 2,63,2,43488,21783,setGenerationResearchCommitment(150),2863339.93,1473.12,2861866.81,10
Бот 3,63,1,97829,29143,"sellToSystem(fasteners, 3178.89)",3766679.10,34552.67,3732126.43,22
Бот 3,63,2,97829,29143,"sellToSystem(coke, 2765.02)",3766679.10,34552.67,3732126.43,22
Бот 3,63,3,97829,29143,"sellToSystem(iron-ore, 5543.4)",3766679.10,34552.67,3732126.43,22
Бот 3,63,4,97829,29143,"sellToSystem(wire-rod, 862.53)",3766679.10,34552.67,3732126.43,22
Бот 3,63,5,97829,29143,"sellToSystem(rough-machined-block, 665.55)",3766679.10,34552.67,3732126.43,22
Бот 1,64,1,58304,22610,"sellToSystem(iron-ore, 2629.86)",1784902.05,1058.23,1783843.82,13
Бот 1,64,2,58304,22610,"sellToSystem(coke, 1313.16)",1784902.05,1058.23,1783843.82,13
Бот 1,64,3,58304,22610,"sellToSystem(coking-coal, 590.92)",1784902.05,1058.23,1783843.82,13
Бот 2,64,1,42625,21601,"sellToSystem(limestone, 550)",2864852.32,1465.75,2863386.56,10
Бот 2,64,2,42625,21601,setGenerationResearchCommitment(150),2864852.32,1465.75,2863386.56,10
Бот 3,64,1,94518,29074,"sellToSystem(fasteners, 2707.38)",3852972.78,34379.90,3818592.88,22
Бот 3,64,2,94518,29074,"sellToSystem(iron-ore, 10751)",3852972.78,34379.90,3818592.88,22
Бот 3,64,3,94518,29074,"sellToSystem(coke, 4030)",3852972.78,34379.90,3818592.88,22
Бот 3,64,4,94518,29074,"sellToSystem(coking-coal, 1813.5)",3852972.78,34379.90,3818592.88,22
Бот 3,64,5,94518,29074,"sellToSystem(wire-rod, 839.63)",3852972.78,34379.90,3818592.88,22
Бот 1,65,1,91003,22528,"sellToSystem(iron-ore, 2361.91)",1800302.85,1052.94,1799249.92,13
Бот 1,65,2,91003,22528,"sellToSystem(coke, 1242.48)",1800302.85,1052.94,1799249.92,13
Бот 1,65,3,91003,22528,"sellToSystem(coking-coal, 559.12)",1800302.85,1052.94,1799249.92,13
Бот 2,65,1,33787,21406,setGenerationResearchCommitment(150),2865886.36,1458.42,2864427.93,10
Бот 3,65,1,95060,28993,"sellToSystem(fasteners, 2205.45)",3912778.05,34208.00,3878570.04,22
Бот 3,65,2,95060,28993,"sellToSystem(iron-ore, 10751)",3912778.05,34208.00,3878570.04,22
Бот 3,65,3,95060,28993,"sellToSystem(coke, 4030)",3912778.05,34208.00,3878570.04,22
Бот 3,65,4,95060,28993,"sellToSystem(coking-coal, 1813.5)",3912778.05,34208.00,3878570.04,22
Бот 3,65,5,95060,28993,"sellToSystem(wire-rod, 864.73)",3912778.05,34208.00,3878570.04,22
Бот 1,66,1,59422,22661,"sellToSystem(iron-ore, 2074.12)",1814313.99,1047.67,1813266.32,13
Бот 1,66,2,59422,22661,"sellToSystem(coke, 1164.36)",1814313.99,1047.67,1813266.32,13
Бот 1,66,3,59422,22661,"sellToSystem(coking-coal, 523.96)",1814313.99,1047.67,1813266.32,13
Бот 2,66,1,34176,21364,setGenerationResearchCommitment(150),2865232.28,1451.13,2863781.14,10
Бот 3,66,1,96730,29495,"sellToSystem(fasteners, 1673.1)",3969829.49,34036.96,3935792.52,22
Бот 3,66,2,96730,29495,"sellToSystem(iron-ore, 10751)",3969829.49,34036.96,3935792.52,22
Бот 3,66,3,96730,29495,"sellToSystem(coke, 4030)",3969829.49,34036.96,3935792.52,22
Бот 3,66,4,96730,29495,"sellToSystem(coking-coal, 1813.5)",3969829.49,34036.96,3935792.52,22
Бот 3,66,5,96730,29495,"sellToSystem(wire-rod, 891.35)",3969829.49,34036.96,3935792.52,22
Бот 1,67,1,69084,22521,"sellToSystem(iron-ore, 1766.47)",1826769.50,1042.43,1825727.06,13
Бот 1,67,2,69084,22521,"sellToSystem(coke, 1078.8)",1826769.50,1042.43,1825727.06,13
Бот 1,67,3,69084,22521,"sellToSystem(coking-coal, 485.46)",1826769.50,1042.43,1825727.06,13
Бот 1,67,4,69084,22521,"sellToSystem(scrap-metal, 994.5)",1826769.50,1042.43,1825727.06,13
Бот 2,67,1,54864,21130,"sellToSystem(iron-ore, 7029.5)",2864182.26,1443.88,2862738.38,10
Бот 2,67,2,54864,21130,"sellToSystem(scrap-metal, 1657.5)",2864182.26,1443.88,2862738.38,10
Бот 2,67,3,54864,21130,setGenerationResearchCommitment(150),2864182.26,1443.88,2862738.38,10
Бот 3,67,1,100974,29451,"sellToSystem(engine-block-finished, 165.75)",4023545.72,33866.78,3989678.94,22
Бот 3,67,2,100974,29451,"sellToSystem(machined-parts, 337.64)",4023545.72,33866.78,3989678.94,22
Бот 3,67,3,100974,29451,"sellToSystem(rough-machined-block, 210.09)",4023545.72,33866.78,3989678.94,22
Бот 3,67,4,100974,29451,"sellToSystem(heat-treated-castings, 113.29)",4023545.72,33866.78,3989678.94,22
Бот 3,67,5,100974,29451,"sellToSystem(stamped-panels, 668.82)",4023545.72,33866.78,3989678.94,22
Бот 1,68,1,57773,22460,"sellToSystem(iron-ore, 1438.98)",1840760.99,1037.22,1839723.77,13
Бот 1,68,2,57773,22460,"sellToSystem(coke, 985.8)",1840760.99,1037.22,1839723.77,13
Бот 1,68,3,57773,22460,"sellToSystem(coking-coal, 443.61)",1840760.99,1037.22,1839723.77,13
Бот 2,68,1,54945,21045,"sellToSystem(iron-ore, 7029.5)",2883798.75,1436.66,2882362.09,10
Бот 2,68,2,54945,21045,"sellToSystem(scrap-metal, 1657.5)",2883798.75,1436.66,2882362.09,10
Бот 2,68,3,54945,21045,setGenerationResearchCommitment(150),2883798.75,1436.66,2882362.09,10
Бот 3,68,1,96997,29482,"sellToSystem(iron-ore, 21502)",4183087.72,33697.45,4149390.27,22
Бот 3,68,2,96997,29482,"sellToSystem(coke, 8060)",4183087.72,33697.45,4149390.27,22
Бот 3,68,3,96997,29482,"sellToSystem(coking-coal, 3627)",4183087.72,33697.45,4149390.27,22
Бот 3,68,4,96997,29482,"sellToSystem(scrap-metal, 2925)",4183087.72,33697.45,4149390.27,22
Бот 3,68,5,96997,29482,"sellToSystem(wire-rod, 1950)",4183087.72,33697.45,4149390.27,22
Бот 1,69,1,67831,22395,"sellToSystem(iron-ore, 1091.64)",1849721.02,1032.03,1848688.99,13
Бот 1,69,2,67831,22395,"sellToSystem(coke, 885.36)",1849721.02,1032.03,1848688.99,13
Бот 1,69,3,67831,22395,"sellToSystem(coking-coal, 398.41)",1849721.02,1032.03,1848688.99,13
Бот 1,69,4,67831,22395,"sellToSystem(scrap-metal, 1989)",1849721.02,1032.03,1848688.99,13
Бот 2,69,1,53952,20899,"sellToSystem(iron-ore, 7029.5)",2904218.92,1429.47,2902789.45,10
Бот 2,69,2,53952,20899,"sellToSystem(scrap-metal, 1657.5)",2904218.92,1429.47,2902789.45,10
Бот 2,69,3,53952,20899,setGenerationResearchCommitment(150),2904218.92,1429.47,2902789.45,10
Бот 3,69,1,98501,29304,"sellToSystem(iron-ore, 10751)",4254791.79,33528.96,4221262.83,22
Бот 3,69,2,98501,29304,"sellToSystem(coke, 4030)",4254791.79,33528.96,4221262.83,22
Бот 3,69,3,98501,29304,"sellToSystem(coking-coal, 1813.5)",4254791.79,33528.96,4221262.83,22
Бот 3,69,4,98501,29304,"sellToSystem(scrap-metal, 585)",4254791.79,33528.96,4221262.83,22
Бот 3,69,5,98501,29304,"sellToSystem(wire-rod, 975)",4254791.79,33528.96,4221262.83,22
Бот 1,70,1,79943,22483,"sellToSystem(coke, 777.48)",1863225.68,1026.87,1862198.81,13
Бот 1,70,2,79943,22483,"sellToSystem(coking-coal, 349.87)",1863225.68,1026.87,1862198.81,13
Бот 1,70,3,79943,22483,"sellToSystem(scrap-metal, 229.5)",1863225.68,1026.87,1862198.81,13
Бот 1,70,4,79943,22483,"sellToSystem(wire-rod, 309.14)",1863225.68,1026.87,1862198.81,13
Бот 1,70,5,79943,22483,"sellToSystem(fasteners, 1467.18)",1863225.68,1026.87,1862198.81,13
Бот 2,70,1,53868,20778,"sellToSystem(iron-ore, 7029.5)",2919835.60,1422.33,2918413.27,10
Бот 2,70,2,53868,20778,"sellToSystem(scrap-metal, 1657.5)",2919835.60,1422.33,2918413.27,10
Бот 2,70,3,53868,20778,setGenerationResearchCommitment(150),2919835.60,1422.33,2918413.27,10
Бот 3,70,1,96014,29301,"sellToSystem(iron-ore, 10751)",4286675.00,33361.31,4253313.68,22
Бот 3,70,2,96014,29301,"sellToSystem(coke, 4030)",4286675.00,33361.31,4253313.68,22
Бот 3,70,3,96014,29301,"sellToSystem(coking-coal, 1813.5)",4286675.00,33361.31,4253313.68,22
Бот 3,70,4,96014,29301,"sellToSystem(scrap-metal, 585)",4286675.00,33361.31,4253313.68,22
Бот 3,70,5,96014,29301,"sellToSystem(wire-rod, 975)",4286675.00,33361.31,4253313.68,22
Бот 1,71,1,59276,22916,"sellToSystem(fasteners, 1249.56)",1887873.37,1021.74,1886851.63,13
Бот 1,71,2,59276,22916,"sellToSystem(coke, 662.16)",1887873.37,1021.74,1886851.63,13
Бот 1,71,3,59276,22916,"sellToSystem(coking-coal, 297.97)",1887873.37,1021.74,1886851.63,13
Бот 2,71,1,44831,21414,"sellToSystem(wire-rod, 2486.25)",2937045.32,1415.22,2935630.10,10
Бот 2,71,2,44831,21414,setGenerationResearchCommitment(150),2937045.32,1415.22,2935630.10,10
Бот 3,71,1,100685,29781,"sellToSystem(iron-ore, 10751)",4317997.79,33194.51,4284803.28,22
Бот 3,71,2,100685,29781,"sellToSystem(coke, 3973.58)",4317997.79,33194.51,4284803.28,22
Бот 3,71,3,100685,29781,"sellToSystem(coking-coal, 1898.13)",4317997.79,33194.51,4284803.28,22
Бот 3,71,4,100685,29781,"sellToSystem(scrap-metal, 612.3)",4317997.79,33194.51,4284803.28,22
Бот 3,71,5,100685,29781,"sellToSystem(wire-rod, 961.35)",4317997.79,33194.51,4284803.28,22
Бот 1,72,1,80130,22912,"sellToSystem(coke, 539.4)",1906097.73,1016.63,1905081.10,13
Бот 1,72,2,80130,22912,"sellToSystem(coking-coal, 242.73)",1906097.73,1016.63,1905081.10,13
Бот 1,72,3,80130,22912,"sellToSystem(scrap-metal, 459)",1906097.73,1016.63,1905081.10,13
Бот 1,72,4,80130,22912,"sellToSystem(wire-rod, 651.63)",1906097.73,1016.63,1905081.10,13
Бот 1,72,5,80130,22912,"sellToSystem(fasteners, 1017.9)",1906097.73,1016.63,1905081.10,13
Бот 2,72,1,54884,21269,"sellToSystem(iron-ore, 7029.5)",2945240.46,1408.14,2943832.32,10
Бот 2,72,2,54884,21269,"sellToSystem(scrap-metal, 1657.5)",2945240.46,1408.14,2943832.32,10
Бот 2,72,3,54884,21269,setGenerationResearchCommitment(150),2945240.46,1408.14,2943832.32,10
Бот 3,72,1,99382,29742,"sellToSystem(iron-ore, 10751)",4354824.01,33028.54,4321795.47,22
Бот 3,72,2,99382,29742,"sellToSystem(coke, 3901.04)",4354824.01,33028.54,4321795.47,22
Бот 3,72,3,99382,29742,"sellToSystem(coking-coal, 2006.94)",4354824.01,33028.54,4321795.47,22
Бот 3,72,4,99382,29742,"sellToSystem(scrap-metal, 647.4)",4354824.01,33028.54,4321795.47,22
Бот 3,72,5,99382,29742,"sellToSystem(wire-rod, 943.8)",4354824.01,33028.54,4321795.47,22
Бот 1,73,1,136079,23064,"sellToSystem(coke, 409.2)",1926124.42,1011.55,1925112.87,13
Бот 1,73,2,136079,23064,"sellToSystem(coking-coal, 184.14)",1926124.42,1011.55,1925112.87,13
Бот 1,73,3,136079,23064,"sellToSystem(fasteners, 772.2)",1926124.42,1011.55,1925112.87,13
Бот 1,73,4,136079,23064,"sellToSystem(scrap-metal, 229.5)",1926124.42,1011.55,1925112.87,13
Бот 1,73,5,136079,23064,"sellToSystem(wire-rod, 343.89)",1926124.42,1011.55,1925112.87,13
Бот 2,73,1,55224,21281,"sellToSystem(iron-ore, 7029.5)",2960666.47,1401.10,2959265.37,10
Бот 2,73,2,55224,21281,"sellToSystem(scrap-metal, 1657.5)",2960666.47,1401.10,2959265.37,10
Бот 2,73,3,55224,21281,setGenerationResearchCommitment(150),2960666.47,1401.10,2959265.37,10
Бот 3,73,1,111803,29744,"sellToSystem(iron-ore, 3572.69)",4387279.97,32863.39,4354416.57,22
Бот 3,73,2,111803,29744,"sellToSystem(coke, 1176.96)",4387279.97,32863.39,4354416.57,22
Бот 3,73,3,111803,29744,"sellToSystem(coking-coal, 2029.91)",4387279.97,32863.39,4354416.57,22
Бот 3,73,4,111803,29744,"sellToSystem(scrap-metal, 654.81)",4387279.97,32863.39,4354416.57,22
Бот 3,73,5,111803,29744,"sellToSystem(wire-rod, 922.35)",4387279.97,32863.39,4354416.57,22
Бот 1,74,1,48557,23252,"sellToSystem(scrap-metal, 229.5)",1939378.05,1006.49,1938371.56,13
Бот 1,74,2,48557,23252,"sellToSystem(wire-rod, 382.5)",1939378.05,1006.49,1938371.56,13
Бот 2,74,1,54917,21356,"sellToSystem(iron-ore, 7029.5)",2975385.08,1394.09,2973990.99,10
Бот 2,74,2,54917,21356,"sellToSystem(scrap-metal, 1657.5)",2975385.08,1394.09,2973990.99,10
Бот 2,74,3,54917,21356,setGenerationResearchCommitment(150),2975385.08,1394.09,2973990.99,10
Бот 3,74,1,101597,29756,"sellToSystem(pig-iron, 8237.78)",4401641.85,32699.08,4368942.78,22
Бот 3,74,2,101597,29756,"sellToSystem(cast-iron, 311.61)",4401641.85,32699.08,4368942.78,22
Бот 3,74,3,101597,29756,"sellToSystem(limestone, 5864.58)",4401641.85,32699.08,4368942.78,22
Бот 3,74,4,101597,29756,"sellToSystem(iron-ore, 3379.17)",4401641.85,32699.08,4368942.78,22
Бот 3,74,5,101597,29756,"sellToSystem(scrap-metal, 659.88)",4401641.85,32699.08,4368942.78,22
Бот 1,75,1,48219,23187,"sellToSystem(scrap-metal, 229.5)",1939988.95,1001.46,1938987.49,13
Бот 1,75,2,48219,23187,"sellToSystem(wire-rod, 382.5)",1939988.95,1001.46,1938987.49,13
Бот 2,75,1,56115,21457,"sellToSystem(iron-ore, 7031.2)",2989168.34,1387.12,2987781.22,10
Бот 2,75,2,56115,21457,"sellToSystem(scrap-metal, 1657.5)",2989168.34,1387.12,2987781.22,10
Бот 2,75,3,56115,21457,setGenerationResearchCommitment(150),2989168.34,1387.12,2987781.22,10
Бот 3,75,1,101100,29801,"sellToSystem(fasteners, 6464.25)",4461517.15,32535.58,4428981.57,22
Бот 3,75,2,101100,29801,"sellToSystem(engine-block-finished, 107.51)",4461517.15,32535.58,4428981.57,22
Бот 3,75,3,101100,29801,"sellToSystem(heat-treated-castings, 88.02)",4461517.15,32535.58,4428981.57,22
Бот 3,75,4,101100,29801,"sellToSystem(engine-block-castings, 48.13)",4461517.15,32535.58,4428981.57,22
Бот 3,75,5,101100,29801,"sellToSystem(cast-iron, 334.23)",4461517.15,32535.58,4428981.57,22
Бот 1,76,1,51162,23364,"sellToSystem(wire-rod, 382.5)",1940583.05,996.45,1939586.60,13
Бот 1,76,2,51162,23364,"sellToSystem(scrap-metal, 213.12)",1940583.05,996.45,1939586.60,13
Бот 2,76,1,78935,21909,"sellToSystem(pig-iron, 6241.27)",3002626.11,1380.19,3001245.92,10
Бот 2,76,2,78935,21909,"sellToSystem(crude-steel, 1956.74)",3002626.11,1380.19,3001245.92,10
Бот 2,76,3,78935,21909,"sellToSystem(cast-iron, 290.7)",3002626.11,1380.19,3001245.92,10
Бот 2,76,4,78935,21909,"sellToSystem(fasteners, 6464.25)",3002626.11,1380.19,3001245.92,10
Бот 2,76,5,78935,21909,setGenerationResearchCommitment(150),3002626.11,1380.19,3001245.92,10
Бот 3,76,1,104180,30429,"sellToSystem(pig-iron, 4858.69)",4534508.57,32372.90,4502135.66,22
Бот 3,76,2,104180,30429,"sellToSystem(crude-steel, 2574.65)",4534508.57,32372.90,4502135.66,22
Бот 3,76,3,104180,30429,"sellToSystem(iron-ore, 6005.77)",4534508.57,32372.90,4502135.66,22
Бот 3,76,4,104180,30429,"sellToSystem(coke, 2837.71)",4534508.57,32372.90,4502135.66,22
Бот 3,76,5,104180,30429,"sellToSystem(coking-coal, 6155.02)",4534508.57,32372.90,4502135.66,22
Бот 1,77,1,50671,23361,"sellToSystem(wire-rod, 382.5)",1941106.83,991.47,1940115.36,13
Бот 1,77,2,50671,23361,"sellToSystem(scrap-metal, 192.06)",1941106.83,991.47,1940115.36,13
Бот 2,77,1,78006,22185,"sellToSystem(fasteners, 6464.25)",3116429.45,1373.29,3115056.16,10
Бот 2,77,2,78006,22185,"sellToSystem(pig-iron, 3386.12)",3116429.45,1373.29,3115056.16,10
Бот 2,77,3,78006,22185,"sellToSystem(crude-steel, 666.38)",3116429.45,1373.29,3115056.16,10
Бот 2,77,4,78006,22185,"sellToSystem(cast-iron, 99)",3116429.45,1373.29,3115056.16,10
Бот 2,77,5,78006,22185,setGenerationResearchCommitment(150),3116429.45,1373.29,3115056.16,10
Бот 3,77,1,105158,30429,"sellToSystem(fasteners, 12928.5)",4617555.43,32211.04,4585344.39,22
Бот 3,77,2,105158,30429,"sellToSystem(iron-ore, 2540.59)",4617555.43,32211.04,4585344.39,22
Бот 3,77,3,105158,30429,"sellToSystem(coking-coal, 2049.26)",4617555.43,32211.04,4585344.39,22
Бот 3,77,4,105158,30429,"sellToSystem(scrap-metal, 1986.66)",4617555.43,32211.04,4585344.39,22
Бот 3,77,5,105158,30429,"sellToSystem(wire-rod, 2427.26)",4617555.43,32211.04,4585344.39,22
Бот 1,78,1,49000,23224,"sellToSystem(wire-rod, 382.5)",1941588.91,986.51,1940602.40,13
Бот 1,78,2,49000,23224,"sellToSystem(scrap-metal, 166.32)",1941588.91,986.51,1940602.40,13
Бот 2,78,1,78798,22340,"sellToSystem(fasteners, 6464.25)",3198544.44,1366.42,3197178.02,10
Бот 2,78,2,78798,22340,"sellToSystem(pig-iron, 4114.33)",3198544.44,1366.42,3197178.02,10
Бот 2,78,3,78798,22340,"sellToSystem(wire-rod, 4734.11)",3198544.44,1366.42,3197178.02,10
Бот 2,78,4,78798,22340,"sellToSystem(coke, 8211.51)",3198544.44,1366.42,3197178.02,10
Бот 2,78,5,78798,22340,setGenerationResearchCommitment(150),3198544.44,1366.42,3197178.02,10
Бот 3,78,1,103976,30361,"sellToSystem(fasteners, 6464.25)",4721633.84,32049.98,4689583.85,22
Бот 3,78,2,103976,30361,"sellToSystem(engine-block-finished, 143.51)",4721633.84,32049.98,4689583.85,22
Бот 3,78,3,103976,30361,"sellToSystem(heat-treated-castings, 99.13)",4721633.84,32049.98,4689583.85,22
Бот 3,78,4,103976,30361,"sellToSystem(engine-block-castings, 8.45)",4721633.84,32049.98,4689583.85,22
Бот 3,78,5,103976,30361,"sellToSystem(cast-iron, 1154.01)",4721633.84,32049.98,4689583.85,22
Бот 1,79,1,59861,23163,"sellToSystem(iron-ore, 8435.4)",1941546.39,981.58,1940564.81,13
Бот 1,79,2,59861,23163,"sellToSystem(scrap-metal, 148.5)",1941546.39,981.58,1940564.81,13
Бот 1,79,3,59861,23163,"sellToSystem(wire-rod, 376.2)",1941546.39,981.58,1940564.81,13
Бот 2,79,1,79067,22466,"sellToSystem(fasteners, 6464.25)",3314031.60,1359.59,3312672.01,10
Бот 2,79,2,79067,22466,"sellToSystem(pig-iron, 3979.94)",3314031.60,1359.59,3312672.01,10
Бот 2,79,3,79067,22466,"sellToSystem(wire-rod, 427.54)",3314031.60,1359.59,3312672.01,10
Бот 2,79,4,79067,22466,"sellToSystem(coke, 247.04)",3314031.60,1359.59,3312672.01,10
Бот 2,79,5,79067,22466,setGenerationResearchCommitment(150),3314031.60,1359.59,3312672.01,10
Бот 3,79,1,103839,30435,"sellToSystem(fasteners, 6464.25)",4795450.73,31889.73,4763561.00,22
Бот 3,79,2,103839,30435,"sellToSystem(iron-ore, 3941.57)",4795450.73,31889.73,4763561.00,22
Бот 3,79,3,103839,30435,"sellToSystem(coking-coal, 4051.36)",4795450.73,31889.73,4763561.00,22
Бот 3,79,4,103839,30435,"sellToSystem(scrap-metal, 1306.89)",4795450.73,31889.73,4763561.00,22
Бот 3,79,5,103839,30435,"sellToSystem(wire-rod, 821.93)",4795450.73,31889.73,4763561.00,22
Бот 1,80,1,59450,23100,"sellToSystem(iron-ore, 4217.7)",1962754.14,976.67,1961777.47,13
Бот 1,80,2,59450,23100,"sellToSystem(scrap-metal, 129.6)",1962754.14,976.67,1961777.47,13
Бот 1,80,3,59450,23100,"sellToSystem(wire-rod, 368.1)",1962754.14,976.67,1961777.47,13
Бот 2,80,1,68852,22589,"sellToSystem(fasteners, 6464.25)",3390494.66,1352.79,3389141.88,10
Бот 2,80,2,68852,22589,"sellToSystem(pig-iron, 3824.88)",3390494.66,1352.79,3389141.88,10
Бот 2,80,3,68852,22589,"sellToSystem(wire-rod, 398.29)",3390494.66,1352.79,3389141.88,10
Бот 2,80,4,68852,22589,setGenerationResearchCommitment(150),3390494.66,1352.79,3389141.88,10
Бот 3,80,1,103834,30425,"sellToSystem(fasteners, 6464.25)",4851465.80,31730.28,4819735.52,22
Бот 3,80,2,103834,30425,"sellToSystem(billet, 4530.5)",4851465.80,31730.28,4819735.52,22
Бот 3,80,3,103834,30425,"sellToSystem(crude-steel, 3157.26)",4851465.80,31730.28,4819735.52,22
Бот 3,80,4,103834,30425,"sellToSystem(pig-iron, 4053.14)",4851465.80,31730.28,4819735.52,22
Бот 3,80,5,103834,30425,"sellToSystem(limestone, 4808.73)",4851465.80,31730.28,4819735.52,22
Бот 1,81,1,59221,23242,"sellToSystem(iron-ore, 4217.7)",1976879.79,971.79,1975908.01,13
Бот 1,81,2,59221,23242,"sellToSystem(scrap-metal, 109.62)",1976879.79,971.79,1975908.01,13
Бот 1,81,3,59221,23242,"sellToSystem(wire-rod, 358.2)",1976879.79,971.79,1975908.01,13
Бот 2,81,1,69982,22966,"sellToSystem(fasteners, 6464.25)",3464483.58,1346.03,3463137.55,10
Бот 2,81,2,69982,22966,"sellToSystem(pig-iron, 3649.14)",3464483.58,1346.03,3463137.55,10
Бот 2,81,3,69982,22966,"sellToSystem(wire-rod, 365.14)",3464483.58,1346.03,3463137.55,10
Бот 2,81,4,69982,22966,setGenerationResearchCommitment(150.0),3464483.58,1346.03,3463137.55,10
Бот 3,81,1,105771,31060,"sellToSystem(fasteners, 6464.25)",5038770.16,31571.63,5007198.53,22
Бот 3,81,2,105771,31060,"sellToSystem(coking-coal, 3940.13)",5038770.16,31571.63,5007198.53,22
Бот 3,81,3,105771,31060,"sellToSystem(iron-ore, 2135.41)",5038770.16,31571.63,5007198.53,22
Бот 3,81,4,105771,31060,"sellToSystem(coke, 1451.78)",5038770.16,31571.63,5007198.53,22
Бот 3,81,5,105771,31060,"sellToSystem(scrap-metal, 1271.01)",5038770.16,31571.63,5007198.53,22
Бот 1,82,1,59430,23167,"sellToSystem(iron-ore, 4217.7)",1992415.08,966.93,1991448.15,13
Бот 1,82,2,59430,23167,"sellToSystem(scrap-metal, 88.56)",1992415.08,966.93,1991448.15,13
Бот 1,82,3,59430,23167,"sellToSystem(wire-rod, 197.33)",1992415.08,966.93,1991448.15,13
Бот 2,82,1,70394,23106,"sellToSystem(fasteners, 6464.25)",3537207.22,1339.30,3535867.92,10
Бот 2,82,2,70394,23106,"sellToSystem(pig-iron, 3452.73)",3537207.22,1339.30,3535867.92,10
Бот 2,82,3,70394,23106,"sellToSystem(wire-rod, 328.09)",3537207.22,1339.30,3535867.92,10
Бот 2,82,4,70394,23106,setGenerationResearchCommitment(150.0),3537207.22,1339.30,3535867.92,10
Бот 3,82,1,105288,31035,"sellToSystem(fasteners, 6464.25)",5097445.54,31413.77,5066031.77,22
Бот 3,82,2,105288,31035,"sellToSystem(billet, 524.88)",5097445.54,31413.77,5066031.77,22
Бот 3,82,3,105288,31035,"sellToSystem(cast-iron, 1989)",5097445.54,31413.77,5066031.77,22
Бот 3,82,4,105288,31035,"sellToSystem(crude-steel, 1181.25)",5097445.54,31413.77,5066031.77,22
Бот 3,82,5,105288,31035,"sellToSystem(pig-iron, 1449.26)",5097445.54,31413.77,5066031.77,22
Бот 1,83,1,60645,22977,"sellToSystem(iron-ore, 4217.7)",2006248.65,962.09,2005286.55,13
Бот 1,83,2,60645,22977,"sellToSystem(scrap-metal, 66.42)",2006248.65,962.09,2005286.55,13
Бот 1,83,3,60645,22977,"sellToSystem(wire-rod, 183.83)",2006248.65,962.09,2005286.55,13
Бот 2,83,1,80865,23177,"sellToSystem(fasteners, 6464.25)",3608542.78,1332.60,3607210.18,10
Бот 2,83,2,80865,23177,"sellToSystem(pig-iron, 3235.64)",3608542.78,1332.60,3607210.18,10
Бот 2,83,3,80865,23177,"sellToSystem(wire-rod, 287.14)",3608542.78,1332.60,3607210.18,10
Бот 2,83,4,80865,23177,"sellToSystem(coke, 1732.58)",3608542.78,1332.60,3607210.18,10
Бот 2,83,5,80865,23177,setGenerationResearchCommitment(150.0),3608542.78,1332.60,3607210.18,10
Бот 3,83,1,106393,31053,"sellToSystem(fasteners, 6464.25)",5191392.26,31256.71,5160135.56,22
Бот 3,83,2,106393,31053,"sellToSystem(hot-rolled-sheet, 2762.5)",5191392.26,31256.71,5160135.56,22
Бот 3,83,3,106393,31053,"sellToSystem(forging-bar, 2486.25)",5191392.26,31256.71,5160135.56,22
Бот 3,83,4,106393,31053,"sellToSystem(slab, 1640.93)",5191392.26,31256.71,5160135.56,22
Бот 3,83,5,106393,31053,"sellToSystem(wire-rod, 1027.65)",5191392.26,31256.71,5160135.56,22
Бот 1,84,1,60324,22836,"sellToSystem(iron-ore, 4217.7)",2019400.23,957.28,2018442.95,13
Бот 1,84,2,60324,22836,"sellToSystem(scrap-metal, 43.2)",2019400.23,957.28,2018442.95,13
Бот 1,84,3,60324,22836,"sellToSystem(wire-rod, 168.53)",2019400.23,957.28,2018442.95,13
Бот 2,84,1,84026,23295,"sellToSystem(fasteners, 6464.25)",3687010.53,1325.94,3685684.59,10
Бот 2,84,2,84026,23295,"sellToSystem(pig-iron, 2997.88)",3687010.53,1325.94,3685684.59,10
Бот 2,84,3,84026,23295,"sellToSystem(wire-rod, 242.29)",3687010.53,1325.94,3685684.59,10
Бот 2,84,4,84026,23295,"sellToSystem(coke, 588.28)",3687010.53,1325.94,3685684.59,10
Бот 2,84,5,84026,23295,setGenerationResearchCommitment(150.0),3687010.53,1325.94,3685684.59,10
Бот 3,84,1,105285,31051,"sellToSystem(fasteners, 6357.78)",5436597.92,31100.42,5405497.50,22
Бот 3,84,2,105285,31051,"sellToSystem(coking-coal, 5574.7)",5436597.92,31100.42,5405497.50,22
Бот 3,84,3,105285,31051,"sellToSystem(iron-ore, 3876.92)",5436597.92,31100.42,5405497.50,22
Бот 3,84,4,105285,31051,"sellToSystem(limestone, 3441.58)",5436597.92,31100.42,5405497.50,22
Бот 3,84,5,105285,31051,"sellToSystem(scrap-metal, 1798.29)",5436597.92,31100.42,5405497.50,22
Бот 1,85,1,60387,22845,"sellToSystem(iron-ore, 4217.7)",2031855.07,952.50,2030902.57,13
Бот 1,85,2,60387,22845,"sellToSystem(scrap-metal, 18.9)",2031855.07,952.50,2030902.57,13
Бот 1,85,3,60387,22845,"sellToSystem(wire-rod, 151.43)",2031855.07,952.50,2030902.57,13
Бот 2,85,1,80874,23429,"sellToSystem(fasteners, 6357.78)",3758618.60,1319.31,3757299.29,10
Бот 2,85,2,80874,23429,"sellToSystem(pig-iron, 2739.44)",3758618.60,1319.31,3757299.29,10
Бот 2,85,3,80874,23429,"sellToSystem(wire-rod, 198.86)",3758618.60,1319.31,3757299.29,10
Бот 2,85,4,80874,23429,"sellToSystem(coke, 650.34)",3758618.60,1319.31,3757299.29,10
Бот 2,85,5,80874,23429,setGenerationResearchCommitment(150.0),3758618.60,1319.31,3757299.29,10
Бот 3,85,1,106398,31039,"sellToSystem(fasteners, 6220.89)",5505413.31,30944.92,5474468.39,22
Бот 3,85,2,106398,31039,"sellToSystem(cast-iron, 1433.25)",5505413.31,30944.92,5474468.39,22
Бот 3,85,3,106398,31039,"sellToSystem(forging-bar, 1657.5)",5505413.31,30944.92,5474468.39,22
Бот 3,85,4,106398,31039,"sellToSystem(hot-rolled-sheet, 1105)",5505413.31,30944.92,5474468.39,22
Бот 3,85,5,106398,31039,"sellToSystem(coking-coal, 1739.75)",5505413.31,30944.92,5474468.39,22
Бот 1,86,1,50574,23193,"sellToSystem(iron-ore, 4217.7)",2043457.38,947.73,2042509.65,13
Бот 1,86,2,50574,23193,"sellToSystem(wire-rod, 129.29)",2043457.38,947.73,2042509.65,13
Бот 2,86,1,83734,23819,"sellToSystem(fasteners, 6220.89)",3828154.68,1312.71,3826841.97,10
Бот 2,86,2,83734,23819,"sellToSystem(pig-iron, 809.41)",3828154.68,1312.71,3826841.97,10
Бот 2,86,3,83734,23819,"sellToSystem(crude-steel, 1118.33)",3828154.68,1312.71,3826841.97,10
Бот 2,86,4,83734,23819,"sellToSystem(cast-iron, 382.5)",3828154.68,1312.71,3826841.97,10
Бот 2,86,5,83734,23819,setGenerationResearchCommitment(150.0),3828154.68,1312.71,3826841.97,10
Бот 3,86,1,107933,31563,"sellToSystem(fasteners, 6053.58)",5657808.34,30790.20,5627018.15,22
Бот 3,86,2,107933,31563,"sellToSystem(iron-ore, 3013.17)",5657808.34,30790.20,5627018.15,22
Бот 3,86,3,107933,31563,"sellToSystem(limestone, 2093.01)",5657808.34,30790.20,5627018.15,22
Бот 3,86,4,107933,31563,"sellToSystem(coking-coal, 1668.42)",5657808.34,30790.20,5627018.15,22
Бот 3,86,5,107933,31563,"sellToSystem(scrap-metal, 1099.41)",5657808.34,30790.20,5627018.15,22
Бот 1,87,1,83118,23184,"sellToSystem(iron-ore, 4148.23)",2054337.17,943.00,2053394.17,13
Бот 1,87,2,83118,23184,"sellToSystem(wire-rod, 95.36)",2054337.17,943.00,2053394.17,13
Бот 1,87,3,83118,23184,"sellToSystem(fasteners, 17901)",2054337.17,943.00,2053394.17,13
Бот 1,87,4,83118,23184,"sellToSystem(coke, 9486)",2054337.17,943.00,2053394.17,13
Бот 1,87,5,83118,23184,"sellToSystem(coking-coal, 4268.7)",2054337.17,943.00,2053394.17,13
Бот 2,87,1,83293,23824,"sellToSystem(fasteners, 6053.58)",3906903.53,1306.15,3905597.39,10
Бот 2,87,2,83293,23824,"sellToSystem(pig-iron, 659.52)",3906903.53,1306.15,3905597.39,10
Бот 2,87,3,83293,23824,"sellToSystem(crude-steel, 982.06)",3906903.53,1306.15,3905597.39,10
Бот 2,87,4,83293,23824,"sellToSystem(cast-iron, 382.5)",3906903.53,1306.15,3905597.39,10
Бот 2,87,5,83293,23824,setGenerationResearchCommitment(150.0),3906903.53,1306.15,3905597.39,10
Бот 3,87,1,107547,31581,"sellToSystem(fasteners, 5855.85)",5707986.19,30636.24,5677349.95,22
Бот 3,87,2,107547,31581,"sellToSystem(iron-ore, 1635.1)",5707986.19,30636.24,5677349.95,22
Бот 3,87,3,107547,31581,"sellToSystem(coking-coal, 1589.84)",5707986.19,30636.24,5677349.95,22
Бот 3,87,4,107547,31581,"sellToSystem(limestone, 1125.73)",5707986.19,30636.24,5677349.95,22
Бот 3,87,5,107547,31581,"sellToSystem(scrap-metal, 512.85)",5707986.19,30636.24,5677349.95,22
Бот 1,88,1,50905,23396,"sellToSystem(iron-ore, 4058.92)",2238134.45,938.28,2237196.17,13
Бот 1,88,2,50905,23396,"sellToSystem(wire-rod, 59.09)",2238134.45,938.28,2237196.17,13
Бот 2,88,1,83745,23823,"sellToSystem(fasteners, 5855.85)",3969995.20,1299.62,3968695.59,10
Бот 2,88,2,83745,23823,"sellToSystem(pig-iron, 499.29)",3969995.20,1299.62,3968695.59,10
Бот 2,88,3,83745,23823,"sellToSystem(crude-steel, 836.4)",3969995.20,1299.62,3968695.59,10
Бот 2,88,4,83745,23823,"sellToSystem(cast-iron, 382.5)",3969995.20,1299.62,3968695.59,10
Бот 2,88,5,83745,23823,setGenerationResearchCommitment(150.0),3969995.20,1299.62,3968695.59,10
Бот 3,88,1,106491,31543,"sellToSystem(fasteners, 1329.9)",5746741.25,30483.06,5716258.19,22
Бот 3,88,2,106491,31543,"sellToSystem(iron-ore, 3182.3)",5746741.25,30483.06,5716258.19,22
Бот 3,88,3,106491,31543,"sellToSystem(coking-coal, 2326.12)",5746741.25,30483.06,5716258.19,22
Бот 3,88,4,106491,31543,"sellToSystem(scrap-metal, 750.36)",5746741.25,30483.06,5716258.19,22
Бот 3,88,5,106491,31543,"sellToSystem(limestone, 1450)",5746741.25,30483.06,5716258.19,22
Бот 1,89,1,50403,23330,"sellToSystem(iron-ore, 3949.75)",2250431.03,933.59,2249497.45,13
Бот 1,89,2,50403,23330,"sellToSystem(wire-rod, 20.48)",2250431.03,933.59,2249497.45,13
Бот 2,89,1,83447,23831,"sellToSystem(fasteners, 5627.7)",4040496.60,1293.12,4039203.48,10
Бот 2,89,2,83447,23831,"sellToSystem(pig-iron, 328.72)",4040496.60,1293.12,4039203.48,10
Бот 2,89,3,83447,23831,"sellToSystem(crude-steel, 681.34)",4040496.60,1293.12,4039203.48,10
Бот 2,89,4,83447,23831,"sellToSystem(cast-iron, 382.5)",4040496.60,1293.12,4039203.48,10
Бот 2,89,5,83447,23831,setGenerationResearchCommitment(150.0),4040496.60,1293.12,4039203.48,10
Бот 3,89,1,112833,31475,"sellToSystem(forged-blanks, 1444.65)",5766229.18,30330.65,5735898.53,22
Бот 3,89,2,112833,31475,"sellToSystem(cold-rolled-sheet, 981.07)",5766229.18,30330.65,5735898.53,22
Бот 3,89,3,112833,31475,"sellToSystem(engine-block-castings, 643.11)",5766229.18,30330.65,5735898.53,22
Бот 3,89,4,112833,31475,"sellToSystem(iron-ore, 2343.72)",5766229.18,30330.65,5735898.53,22
Бот 3,89,5,112833,31475,"sellToSystem(coking-coal, 1713.15)",5766229.18,30330.65,5735898.53,22
Бот 1,90,1,71592,23248,"sellToSystem(iron-ore, 3820.74)",2261485.12,928.92,2260556.20,13
Бот 1,90,2,71592,23248,"sellToSystem(fasteners, 8541)",2261485.12,928.92,2260556.20,13
Бот 1,90,3,71592,23248,"sellToSystem(coke, 4743)",2261485.12,928.92,2260556.20,13
Бот 1,90,4,71592,23248,"sellToSystem(coking-coal, 2134.35)",2261485.12,928.92,2260556.20,13
Бот 2,90,1,83657,23848,"sellToSystem(fasteners, 5369.13)",4106055.73,1286.65,4104769.08,10
Бот 2,90,2,83657,23848,"sellToSystem(pig-iron, 147.81)",4106055.73,1286.65,4104769.08,10
Бот 2,90,3,83657,23848,"sellToSystem(crude-steel, 516.88)",4106055.73,1286.65,4104769.08,10
Бот 2,90,4,83657,23848,"sellToSystem(cast-iron, 382.5)",4106055.73,1286.65,4104769.08,10
Бот 2,90,5,83657,23848,setGenerationResearchCommitment(150.0),4106055.73,1286.65,4104769.08,10
Бот 3,90,1,111841,31497,"sellToSystem(cold-rolled-sheet, 308.08)",5934608.50,30178.99,5904429.50,22
Бот 3,90,2,111841,31497,"sellToSystem(machined-parts, 232.05)",5934608.50,30178.99,5904429.50,22
Бот 3,90,3,111841,31497,"sellToSystem(rough-machined-block, 198.9)",5934608.50,30178.99,5904429.50,22
Бот 3,90,4,111841,31497,"sellToSystem(stamped-panels, 155.81)",5934608.50,30178.99,5904429.50,22
Бот 3,90,5,111841,31497,"sellToSystem(scrap-metal, 552.63)",5934608.50,30178.99,5904429.50,22
